kmer,observed_count,null_mean_count,enrichment
MMK,3,0.02,150.0
EMQ,4,0.08,50.0
FMF,2,0.06,33.333333333333336
LMM,2,0.08,25.0
FNY,90,3.62,24.861878453038674
ADM,203,8.22,24.695863746958636
QFN,16,0.7,22.857142857142858
YNY,223,10.44,21.360153256704983
ADF,508,26.0,19.53846153846154
AAD,5051,297.26,16.99185897867187
DMV,26,1.7,15.294117647058824
EMP,6,0.42,14.285714285714286
WEM,6,0.42,14.285714285714286
CPM,9,0.66,13.636363636363635
MWE,5,0.38,13.157894736842104
MMC,2,0.16,12.5
FHK,6,0.48,12.5
MLK,4,0.34,11.76470588235294
ADW,349,30.9,11.294498381877023
QQF,7,0.62,11.290322580645162
TEM,4,0.36,11.11111111111111
FIK,9,0.82,10.975609756097562
QLQ,16,1.48,10.81081081081081
HEW,11,1.02,10.784313725490195
CWM,3,0.28,10.714285714285714
EYN,31,2.9,10.689655172413794
DMS,30,2.84,10.563380281690142
QNY,22,2.1,10.476190476190476
DFV,52,5.16,10.077519379844961
MKC,3,0.3,10.0
GMM,2,0.2,10.0
KFK,4,0.4,10.0
QQM,1,0.1,10.0
ADT,595,60.26,9.873879853966146
EKN,6,0.62,9.67741935483871
IVN,20,2.16,9.25925925925926
CCM,4,0.44,9.090909090909092
TMW,4,0.44,9.090909090909092
MYN,9,1.0,9.0
QQI,5,0.56,8.928571428571427
WQI,6,0.68,8.823529411764705
KYM,7,0.8,8.75
QQH,4,0.46,8.695652173913043
DMC,12,1.42,8.450704225352114
FHH,5,0.6,8.333333333333334
EFN,8,1.0,8.0
WHH,6,0.76,7.894736842105263
NQE,3,0.38,7.894736842105263
VQQ,8,1.02,7.8431372549019605
IKT,7,0.9,7.777777777777778
