read_id,CDR1,CDR2,CDR3,CDR1_length,CDR2_length,CDR3_length,FR1,FR2,FR3,FR4,annotation_method
e8655542-531c-4e59-b605-01802c1cb028,GGTYSSII,INRGGFST,AADIGATSRHS,8,8,11,GGGLVQAGGSLRLSCAAS,MGWFRQAPGKEREGVAA,YYADSVKGRFTISRDNAKNTVYLQMNSLKPEDTAVYYC,WGQGTQVTVSS,anarci_imgt
12357bf2-d13b-422c-ab72-d1423f64849f,GYSYSNYA,ISSGGGPT,AADRPGVPAGQ,8,8,11,QVQLQESGGGLVQAGGSLRLSCAAS,MGWFRQAPGKEREGVAT,YYADSVKGRFTISRDNAKNTVYLQMNSLKPEDTAVYYC,WGQGTQVTVSS,anarci_imgt
7575c155-9d27-483f-a689-63940111b4c5,GGTYSSYA,IDAGGGRT,AADGPGVESAY,8,8,11,QVQLQESGGGLVQAGGSLRLSCAAS,MGWFRQAPGKEREGVAA,YYADSVKGRFTISRDNAKNTVYLQMNSLKPEDTAVYYC,WGQGTQVTVSS,anarci_imgt
82f71cea-3f0e-4375-91e2-b93831e4e364,GYTYSTLDNYG,IKSGQHNT,AADYGGGVPSQ,11,8,11,QVQLQEKSGGGLVQAGGSLRLSCAAS,MGWFRQAPGKEREGVAA,YYADSVKGRFTISRDNAKNTVYLQMNSLKPEDTTVYYC,WGQGTQVTVSS,anarci_imgt
ddedb81a-27cc-41cd-84e2-d89a49c9f1f1,GINYRTNC,ITWMEGTT,AADFASVVIND,8,8,11,QVQLQESGGGLVQAGGSLRLSCAAS,MGWFRQAPGKEREGVAA,DYADSVKGRFTISRDNAKNTVYLQMNSLKPEDTAVYYC,WGQGTQVTVSS,anarci_imgt
ff10b1fd-c338-4bf1-a71f-43ac1d27b50c,GGTIRDAS,IGSRRNVT,AADESRTRRRS,8,8,11,QVQLQESGGGLVQAGGSLRLSCAAS,MGWFRQAPGKEREGVAS,YYADSVKGRFTISRDNAKNTVYLQMNSLKPEDTAVYYC,WGQGTQVTVSS,anarci_imgt
046acc36-bbe1-4dad-a98a-0f2344fb5f73,VYLTSTYSPYA,IYTGGGTT,AADFRAVALGR,11,8,11,QVRLQESGGGLVQAGGSLRLSCAAS,MGWFRQAPGKEREGVAA,YYADSVKGRFTISRDNAKNTVYLQMNSLKPEDTAVYYC,WGQGTQVTVSS,anarci_imgt
a09b61cb-47bd-4b1d-80d4-d23828360085,GYSYSSYA,IYSGFGTT,AADDKVRAAGD,8,8,11,QVQLQESGGGLVQAGGSLRLSCAAS,MGWFRQAPGKEREGVAA,HHADSVKGRFTISRDNAKNTVYLQMNSLKPEDTAVYYC,WGQGTQVTVSS,anarci_imgt
c370821a-491f-4885-8c28-0b923ca411e2,GYYYSTTV,ISVGAHLT,AADAGVHGAGG,8,8,11,QVQLQESGGGLVQAGGSLRLSCAAS,MGWFRQAPGKEREGVAT,YYADSVKGRFTISRDNAKNTVYLQMNSLKPEDTAVYYC,WGQGTQVTVSS,anarci_imgt
6a575d83-860b-4dc6-b6c2-72ee0ee7b585,GYDYSRYC,IYSFDAST,AADPRRRAPGS,8,8,11,QVQLQESGGGLVQAGGSLRLSCAAS,MGWFRQAPGKEREGVAF,DHADSVKGRFTISRDNAKNTVYLQMNSLKPEDTAVYYC,WGQGTQVTVSS,anarci_imgt
58a8a92f-7a84-40dd-b160-620778f301ca,WYTFSRKW,INLGFSST,AADIVRRCIRLAGFSD,8,8,16,QVQLQESGGGLVQAGGSLRLSCAAS,MGWFRQAPGKEREGVAV,YYADSVKGRFTISRDNAKNTVYLQMNSLKPEDTAVYYC,WGQGTQVTVSS,anarci_imgt
17a99b1f-9ce6-41c5-b328-6cb7792c9e40,GVTYSRYA,IGSGGQLT,AADYVHEVGWQ,8,8,11,QVQLQESGGGLVQAGGSLRLSCAAS,MGWFRQAPGKEREGVAA,YYADSVKGRFTISRDNAKNTVYLQMNSLKPEDTAVYYC,WGQGTQVTVSS,anarci_imgt
203c0be1-d6b9-4a54-9d09-206a5d6f2047,GYSSRSIE,IYAGDCST,AADFGTRAGPY,8,8,11,VQLQESGGGSVQAGGSLRLSCAAS,MGWFRQAPGKEREGVAA,YYADSVKGRFTISRDNAKNTVYLQMNSLKPEDTAVYYC,WGQGTQVTVSS,anarci_imgt
79b1aa14-3516-409d-b74f-bb0e96d286b8,VYDYSSEC,IGGGDAST,AADDLVSGGID,8,8,11,QVQLQESGGGLVQAGGSLRLSCAAS,MGWFRQAPGKEREGVAR,YYADSVKGRFTISRDNAKNTVYLQMNSLKPEDTAVYYC,WGQGTQVTVSS,anarci_imgt
a9d495ae-b5f1-4db1-a1c2-ee651edcb7d6,GFYTRLLSPMS,INRADLST,AADTCGAAAAS,11,8,11,QVQLQESGGGLVQAGGSLRLSCAAS,MGWFRQAPGKEREGVAA,YYADSVKGRFTISRDNAKNTVYLQMNSLKPEDTAVYYC,WGQGTQVTVSS,anarci_imgt
e8de22ef-f3f7-4e49-ba44-2099d955d393,GLYYRSYA,IDMMGGQT,AADWGGACSLT,8,8,11,QVQLQESGGGLVQAGGSLRLSCAAS,MGWFRQAPGKEREGVAA,YYADSVKGRFTISRDNAKNTVYLQMNSLKPEDTAVYYC,WGQGTQVTVSS,anarci_imgt
5f2b9877-2dcd-409d-9f6b-a268ce94b565,GVSYWREV,INAGSSIT,AADKRAVAVGG,8,8,11,QVQLQESGGGLVQAGGSLRLSCAAS,MGWFRQAPGKEREGVAR,YYADSVKGRFTISRDNAKNTVYLQMNSLKPEDTAVYYC,WGQGTQVTVSS,anarci_imgt
5d2998a3-315d-41f4-ae79-ca6ace6e7bfd,GGTGRTYDTYV,ICSGRNLT,AADWPSAVGSY,11,8,11,QVQLQESGGGLVQAGGSLRLSCAAS,MGWFRQAPGKEREGVAA,YYADSVKGRFTISRDNAKNTVYLQMNSLKPEDTAVYYC,WGQGTQVTVSS,anarci_imgt
28470291-4bfc-4e12-9e53-7c0227bfc705,GGRYSREV,ILTGLGST,AADRGICYYAIYGVDV,8,8,16,QVQLQESGGGLVQAGGSLRLSCAAS,MGWFRQAPGKEREGVAA,YYADSVKGRFTISRDNAKNTVYLQMNSLKPEDTAVYYC,WGQGTQVTVSS,anarci_imgt
7fc19c69-1df5-4c3b-aebb-613caf046f11,,IIADAST,AADAAPSESSTLWYNY,0,7,16,,ICI,YYADSVKGRFTISRDNAKNTVYLQMNSLKPEDTAVYYC,WGQGTQVTVSS,anarci_imgt
1693dd6a-95f1-4513-aad3-83a583f80164,GYSSSSYT,IESGEGST,AADQSGRRGQT,8,8,11,QVQLQESGGGLVQAGGSLRLSCAAS,MGWFRQAPGKEREGVAA,YYADSVKGRFTISRDNAKNTVYLQMNSLKPEDTAVYYC,WGQGTQVTVSS,anarci_imgt
2d73c8c3-64ea-43d4-bae8-9f6966ac8c1b,RW,ISSRQFIT,AADEPIRRLCTYSWRQLCWSGAVDVY,2,8,26,,VGFVRHRGKEREGVAV,YYADSVKGRFTISRDNAKNTVYLQMNSLKPEDTAVYYC,WGQGTQVTVSS,anarci_imgt
b8516a8b-6e83-480c-90c4-8f246389e474,,HAPT,AADAYAPLAGD,0,4,11,,,YYADSVKGRFTISRDNAKNTVYLQMNSLKPEDTAVYYC,WGQGTQVTVSS,anarci_imgt
40cdc1d6-7823-438f-bcf6-b96d8d85789d,GGTKGTYSGYA,IQVGSAST,AADTSASTAGP,11,8,11,QVQLQESGGGLVQAGGSLRLSCAAS,MGWFRQAPGKEREGVAI,YYADSVKGRFTISRDNAKNTVYLQMNSLKPEDTAVYYC,WGQGTQVTVSS,anarci_imgt
d6fe2e53-cfb9-47ba-b0ee-be991f4f7002,,,,,,,,,,,unannotated
ace342ff-ad14-4d25-858f-6cc81ea87e39,AFAESTYDRNW,INLGDIVT,AADQGPTRRSCLIYNY,11,8,16,QVQLQESGGGLVQAGGSLRLSCAAS,MGWFRQAPGKEREGVAR,YYADSVKGRFTISRDNAKNTVYLQMNSLKPEDTAVYYC,WGQGTQVTVSS,anarci_imgt
5666c5df-efbe-4ab2-9bde-9df92da58f00,,ITANGKTT,AADEVVSARAY,0,8,11,,GI,YYADSVKGRFTISRDNAKNTVYLQMNSLKPEDTAVYYC,WGQGTQVTVSS,anarci_imgt
75a9cbbc-5977-4ee4-9834-9786b275fa8a,EITFSRYS,VRVSFGST,AADVVAAAGHQ,8,8,11,QVQLQESGGGLVQAGGSLRLSCAAS,MGWFCQAPGKEREGVAA,YYADSVKGRFTISRDNAKNTVYLQMNSLKPEDTAVYYC,WGQGTQVTVSS,anarci_imgt
10d934b7-dacb-4dd9-aad7-1608a9b66954,GYTYCNYE,ILSDFLST,AADGGVCSRRQ,8,8,11,QVQLQESGGGLVQAGGSLRLSCAAS,MGWFRQAPGKEREGVAT,YYADSVKGRFTISRDNAKNTVYLQMNSLKPEDTAVYYC,WGQGTQVTVSS,anarci_imgt
5dc0fb79-b7b8-4b65-9028-67007864ab1f,SVTYSFYV,IYVSGMWT,AADTYVSGEAR,8,8,11,QVQLQESGGGLVQAGGSLRLSCAAS,MGWFRQAPGKEREGVAT,YYADSVKGRFTISRDNAKNTVYLQMNSLKPEDTAVYYC,WGQGTQVTVSS,anarci_imgt
6c449c17-8a38-41f4-b41d-cab65837a65d,GFTARTYSSYD,IYSGVFQT,AADTAGYATSS,11,8,11,RQAKSLRLSRAAS,MGWFRQAPGKEREGVAI,YYADSVKGRFTISRDNAKNTVYLQMNSLKPEDTAVYYC,WGQGTQVTVSS,anarci_imgt
61e4065b-5a54-40dc-9bb6-933c9aedf6d7,DYSYSSYV,INMGRAST,AADEIAAVASS,8,8,11,QVQLQESGGGLVQVGRSLRLSCAAS,MGWFRQAPGKEREGVAY,YYADSVKGRFTISRDNAKNTVYLQMNSLKPEDTTVYYC,WGQGTQVTVSS,anarci_imgt
68b4c931-9d32-46c4-a85d-6cf316828b6e,GYLDSSYS,ISTAGSRT,AADEVPRCLAAWGYTR,8,8,16,QVQLQESGGGLVQAGGSLRLSCAAS,VSWLRQYGKEREGVAS,YYADSVKGRFTISRDNAKNTVYLQMNSLKLEDTAVYYC,WGQGTQVTVSS,anarci_imgt
818770fa-b979-4a37-8692-9a7836084ec0,GSRFPTYSRYI,IYSGGLQT,AADFPHAASTY,11,8,11,QVQLQESGGGLVQAGGSLRLSCAAS,MGWFRQAPGKEREGVAA,YYADSVKGRFTISRDNAKNTVYLQMNSLKPEDTAVYYC,WGQGTQVTVSS,anarci_imgt
484ddd19-3a26-46bd-afa6-1bc2ec2f1ffe,GYNYPDYSNNA,IYMSSAKT,AADYTIQLGIVTGPSY,11,8,16,LQESGGGLVQAGGSLRLSCAAS,MGWFRQAPGKEREGVAS,YYADSVKGRFTISRDNAKNTVYLQMNSLKPEDTAVYYC,WGQGTQVTVSS,anarci_imgt
c3d1bc7a-026b-4181-a91d-f91ca9ae24dd,GYTGGRYG,IYSSGGAT,AADYAVASLYC,8,8,11,QVQLQESGGGLVQAGGSLRLSCAAS,MGWFRQAPGKEREGVAF,YYAHSVKGRFTISRDNAKNTVYLQMNSLKPEDTAVYYC,WGQGTQVTVSS,anarci_imgt
3cf30f50-8737-4974-b010-eb24b9b77a08,GYKYSSAA,ICSGMIST,AADQVSRCPVT,8,8,11,QVQLQESGGGLVQAGGSLRLSCAAS,MGWFRQAPGKEREGVAT,YYADSVKGRFTISRDNAKNTVYLQMNSLKPEDTAVYYC,WGQGTQVTVSS,anarci_imgt
ae5553c0-893c-4698-8ea3-2ee21e8e3ffe,,,,,,,,,,,unannotated
a1b8d38f-8a63-4cd8-b585-80eae5c2c749,GNISGAG,INMRFIST,AADPRTHRERE,7,8,11,QVQLQESGGGLVQAGGSLRLSCAAS,MGWFRQAPGKEREGVAT,YYADSVKGRFTISRDNAKNTVYLQMNSLKPEDTAVYYC,WGQGTQVTVSS,anarci_imgt
497c348c-256e-487e-8e04-23f34e0889ac,EQENRAYEMHA,IYSGWIVT,AADGTTCGLSS,11,8,11,QVQLQESGGGLVQAGGSLRLSRAAS,MGWFRQAPGKEREGVAT,YYADSVKGRFTISRDNAKNTVYLQMNSLKPEDTAVYYC,WGQGTQVTVSS,anarci_imgt
4915904f-cd15-4f16-b6d5-2d152115adc3,,ITANGKTT,AADTIGHEGSC,0,8,11,,FGI,FNAICIIGRFTISRDNAKKTVYLQMNSLKPEDTAVYYC,WGQGTQVTVSS,anarci_imgt
75d9da1e-0ae5-4b9b-b2be-53c08ac972cc,GYTKNDFA,IKGGGITT,AADTGRLPGTRAAVDY,8,8,16,SLRLSCAAS,MGWFRQAPGKEREGVAT,YYADSVKGRFTISRDNAKNTVYLQMNSLKPEDTAVYYC,WGQGTQVTVSS,anarci_imgt
9c076987-12a0-4368-8d91-647fc4329371,GNIYGRYV,IYSGIVFT,AADTAVCLPAWSIDNE,8,8,16,AVALRLSCAAS,MGWFRQAPGKEREGVAA,YYADSVKGRFTISRDNAKNTVYLQMNSLKPEDTAVYYC,WGQGTQVTVSS,anarci_imgt
d2c2f248-58f1-4a7f-bc4e-bd770fff2c51,GGTYSTFV,IRSGGALT,AADLGGESACG,8,8,11,QVQLQESGGGLVQAGGSLRLSCAAS,MGWFRQAPGKEREGVAA,YYADSVKGRFTISRDNAKNTVYLQMNSLKPEDTAVYYC,WGQGTQVTVSS,anarci_imgt
9314892c-1036-47be-ad88-03f254d22901,DYRYSSNV,IISGQCAT,AADRPYATHRW,8,8,11,QVQLQESGGGLVQAGGSLRLSCAAS,MGWFRQAPGKEREGVAS,YYADSVKGRFTISRDNAKNTVYLQMNSLKPEDTAVYYC,WGQGTQVTVSS,anarci_imgt
172b1ad9-fdc1-41c4-a8d3-2d19a21f2699,GYTYGRYA,IESGRNRT,AADQGRVRACY,8,8,11,QVQLQESGGGLVQAGGSLRLSCAAS,MGWFRQAPGKEREGVAA,YYADSVKGRFTISRDNAKNTVYLQMNSLKPEDTAVYYC,WGQGTQVTVSS,anarci_imgt
abc561ab-8832-4c83-8e2a-9addba22d697,,GCT,AADVAAAGSVT,0,3,11,,,YYADSVKGRFTISRDNAKNTVYLQMNSLKPEDTAVYYC,WGQGTQVTVSS,anarci_imgt
4f1269ad-a51c-4e17-a246-b750b006d8ee,,ITASSDNT,AADPAGSGSLP,0,8,11,,GI,YYADSVKGRFTISRDNAKNTVYLQMNSLKPEDTAVYYC,WGQGTQVTVSS,anarci_imgt
4af5b8d6-4493-4faa-a605-b0e51be00ac9,,,AADYRCGYLLLLAGTSTLPGAGAFEP,0,0,26,,,SADSVKGRFTISRDNAKNTVYLQMNSLKPEDTAVYYC,WGQGTQVTVSS,anarci_imgt
cd0da861-3bab-4758-804c-e717ae866b20,GQQYRTSSYAG,ICSGWIIT,AADPRPGGCSC,11,8,11,QVQLQESGGGLVQAGGSLRLSCAAS,MGWFRQAPGKEREGVAA,YYADSVKGRFTISRDNAKNTVYLQMNSLKPEDTAVYYC,WGQGTQVTVSS,anarci_imgt
cc27024e-f025-4487-8e54-7f1acafa286e,GGAYSSYA,INRGFGIT,AADNIAGRGGV,8,8,11,QVQLQESGGGLVQAGGSLRLSCAAS,MGWFRQAPGKEREGVAT,YYADSVKGRFTISRDNAKNTVYLQMNSLKPEDTAVYYC,WGQGTQVTVSS,anarci_imgt
9a9a9f88-7997-4fcf-964e-5c25e3033ea6,GYTYSTVSGYV,IGSSWGST,AADDAAVRRGG,11,8,11,QVQLQESGGGLVQAGGSLRLSCAAS,MGCFRQAPGKEREGVAV,YYADSVKGRFTISRDNAKNTVYLQMNSLKPEDTAVYYC,WGQGTQVTVSS,anarci_imgt
fd466254-2b94-440b-9cde-de0bde801ccc,,IYSGECYT,AADFGAWCLPGYWSRRAWSKSDVLTY,0,8,26,,KKEREGVAA,YYADSVKGRFTISRDNAKNTVYLQMNSLKPEDTAVYYC,WGQGTQVTVSS,anarci_imgt
2fdd2717-b629-4b34-aec3-725c990ac6d3,GYLYDVFESNA,IKSGGTST,AADVGAAALRR,11,8,11,QVQLQESGGGLVQAGGSLRLSCAAS,MGWFRQAPGKEREGVAT,YYADSVKGRFTISRDNAKNTVYLQMNSLKPEDTAVYYC,WGQGTQVTVSS,anarci_imgt
06ff448d-cb26-4449-940c-57cbb07960f0,CTHYA,IRTGDFRT,AADYAPTFIPSYGSIGLSLGEGDRKY,5,8,26,,MGWFRQAPGKEREGVAT,YYADSVKGRFTISRDNAKNTVYLQMNSLKPEDTAVYYC,WGQGTQVTVSS,anarci_imgt
3dfd853b-9364-49e1-a925-d7822d32b828,GYDYSTFA,IYSRVHST,AADPGSHVAKA,8,8,11,KSNRSLRLSCAAS,MGWFRQAPGKEREGVAV,YYADSVKGRFTISRDNAKNTVYLQMNSLKPEDTAVYYC,WGQGTQVTVSS,anarci_imgt
f0671878-8e06-4197-b964-27a967ea5673,AYAISSYT,ICTSEIST,AADYAVGGGTD,8,8,11,TNPLRLSCAAS,MGWFRQAPGKEREGVAT,YYADSVKGRFTISRDNAKNTVYLQMNSLKPEDTAVYYC,WGQGTQVTVSS,anarci_imgt
c4bf1989-076f-4359-9396-4fbbde15cdca,GYTGSTYNRNA,VAISAGGNT,AADQSPGVGLG,11,9,11,QVQLQESGGGLVQAGGSLRLSCAAS,MGWFRQAPGKKREGVAA,YYADSVKGRFTISRDNAKNTVYLQMNSLKPEDTAVYYC,WGQGTQVTVSS,anarci_imgt
52268a4e-e2f3-422a-ae84-2bf5ce90c15c,GYTYVTYSSRC,IYISLGNT,AADVLGRRRPC,11,8,11,VQLQESGGGLVQAGGSLRLSCAAS,MGWFRQAPGKEREGVAH,YYADSVKGRFTIIRDNAKNTVYLQMNSLKPEDTAVYYC,WGQGTQVTVSS,anarci_imgt
a1a1dea0-818f-4e29-9d74-4df38e09873d,EYFYSSYA,INMGDYST,AADTCGAYVRR,8,8,11,QVQLQESGGGLVQAGGSLRLSCAAS,MGWFRQAPGKEREGVAA,YYADSVKGRFTISRDNAKNTVYLQMNSLKPEDTAVYYC,WGQGTQVTVSS,anarci_imgt
8633cbc1-f3a6-4f19-adcb-b2e15b644203,GYLSSRYL,ILTGTSST,AADYVAEVAGT,8,8,11,QVQLQESGGGLVQAGGSLRLSCAAS,MGWFRQAPGKEREGVAF,YYADSVKGRFTISRDNAKNTVYLQMNSLKPEDTAVYYC,WGQGTQVTVSS,anarci_imgt
cbd097f3-7012-4ebc-b2d7-28ba258405de,GYQYRTYSRAA,IYSGGFST,AADKASATVGE,11,8,11,QVQLQESGGGLVQAGGSLRLSCAAS,MGWFRQAPGKEREGVAA,YYADSVKGRFTISRDNAKNTVYLQMNSLKPEDTAVYYC,WGQGTQVTVSS,anarci_imgt
60263419-df72-414d-ad5a-7e48190f6cf0,GYYYLTQSPVA,IYSSGGST,AADPAGHAERS,11,8,11,GGSLRLSCAAS,MGWFRQAPGKEREGVAA,YYADSVKGRFTISRDNAKNTVYLQMNSLKPEDTAVYYC,WGQGTQVTVSS,anarci_imgt
57bae1e6-3fad-4965-bc65-b40b590d9ecb,GYHTSTSRTNA,IETGAGLT,AADYPVRCCQA,11,8,11,QVQLQESGGGLVQAGGSLRLSCAAS,MGWFRQAPGKEREGVAA,YYADSVKGRFTISRDNAKNTVYLQMNSLKPEDTAVYYC,WGQGTQVTVSS,anarci_imgt
46dfc055-e8c2-458c-b1ee-ab56174ea7b6,GLSYSRYT,ICSGGFST,AADAAAAAPGS,8,8,11,QVQLQESGGGLVQAGGSLRLSCAAS,MGWFRQAPGKEREGVAA,DYADSVKGRFTISRDNAKNTVYLQMNSLKPEDTAVYYC,WGQGTQVTVSS,anarci_imgt
d3468055-02f1-414a-b1a7-76abf79e4533,GLSYAPNV,IYAGGNVT,AADGYGVEVSP,8,8,11,QVQLQESGGGLVQAGGSLRLSCAAS,MGWFRQAPGKEREGVAG,YYADSVKGRFTISRDNAKNTVYLQMNSLKPEDTAVYYC,WGQGTQVTVSS,anarci_imgt
0cdb94a1-e101-4a5c-83d2-1e5d7d4ef74a,DFTYSSNA,ISSGGGTT,AADMAATACGS,8,8,11,QVQLQESGGGLVQAGGSLRLSCAAS,MGWFRQAPGKEREGVAA,YYADSVKGRFTISRDNAKNTVYLQMNSLKPEDTAVYYC,WGQGTQVTVSS,anarci_imgt
c14ed6a2-1b9b-4203-8c73-ea9f78877ee1,GHYYSSSEVNA,ISIGNIIT,AADWAVYALPS,11,8,11,QAGGSLRLSCAAS,MGWFRQAPGKEREGVAA,YYADSVKGRFTISRDNAKNTVYLQMNSLKPEDTAVYYC,WGQGTQVTVSS,anarci_imgt
82df0283-c4c9-4e4c-bef0-1bedfc17712c,,,,,,,,,,,unannotated
974176c9-0d7e-4f5f-ad88-f65db47cfa5b,GYTYSTYRTIV,ICMGGYVT,AADYSAPTRAG,11,8,11,QVQLQESGGGLVQAGGSLRLSCAAS,MGWFRQAPGKEREGVAS,YYADSVKGRFTISRDNAKNTVYLQMNSLKPEDTAVYYC,WGQGTQVTVSS,anarci_imgt
86d5f77a-d0c1-4945-ac85-c08751e0c635,,ITANGKTT,AADGIVAASYS,0,8,11,,GI,YYADSVKGRFTISRDNAKNTVYLQMNSLKPEDTAVYYC,WGQGTQVTVSS,anarci_imgt
f91dd18a-7616-4e5c-aa8f-8fbc7b74f878,GYSYSSEA,IYGGSDIT,AADGTASCAAG,8,8,11,QVQLQESGGGLVQAGGSLRLSCAAS,MGWFRQAPGKEREGVAR,YYADSVKGRFTISRDNAKNTVYLQMNSLKPEDTAVYYC,WGQGTQVTVSS,anarci_imgt
19cc9ab4-283a-4fa0-9d39-42d4147c6ebb,GIRKSTSSYFG,INRRDCTT,AADPRGRVTHV,11,8,11,QVQLQESGGGLVQAGGSLRLSCAAS,MGWFRQAPGKEREGVAT,YYADSVKGRFTISRDNAKNTVYLQMNSLKPEDTAVYYC,WGQGTQVTVSS,anarci_imgt
86dda7f6-6197-4d6c-af75-8cedbf73eca5,AYTYSKYS,LLIRARMT,AADDAAAHYCS,8,8,11,QVQLQESGGGLVQAGGSLRLSCAAS,MGWFRQAPGKEREGVAT,YYADSVKGRFTISRDNAKNTVYLQMNSLKPEDTAVYYC,WGQGTQVTVSS,anarci_imgt
2704ec72-13f3-442e-881b-0fdf84a6fffd,,,,,,,,,,,unannotated
51009ac9-c4a7-441b-8e86-db57dc4a15dc,GYTVSDYT,INRGGDLT,AADGAYGVAPT,8,8,11,QVQLQESGGGLVQAGGSLRLSCAAS,MGWFRQAPGKEREGVAT,YYADSVKGRFTISRDNAKNIVYLQMNSLKPEDTAVYYC,WGQGTQVTVSS,anarci_imgt
8023a8ac-2e2f-4425-8273-59b01a6f785b,GSSYSTNA,IYSDISTT,AADTVSYAAGL,8,8,11,QVQLQESGGGLVQAGGSLRLSCAAS,MGWFRQAPGKEREGVAS,YYADSVKGRFTISRDNAKNTVYLQMNSLKPEDTAVYYC,WGQGTQVTVSS,anarci_imgt
fd1c8b85-3961-4c70-8eb2-665dcc407da9,GYTGRSISTYA,IYSGVAST,AADTATAGPYC,11,8,11,QVQLQESGGGLVQAGGSLRLSCAAS,MGWFRQAPGKEREGVAV,YYADSVKGRFTINLDNAKNTVYLQMNSLKPEDTAVYYC,WGQGTQVTVSS,anarci_imgt
5dd7393e-3c63-453a-9756-92b006edfebc,GSPDERYE,IRRDVDRT,AADGIAGRGGV,8,8,11,QVQLQESGGGLVQAGGSLRLSCAAS,MGWFRQAPGKEREGVAA,YYADSVKGRFTISRDNAKNTVYLQMNSLKPEDTAVYYC,WGQGTQVTVSS,anarci_imgt
e6e2822a-80eb-4e11-8945-3686e0c0ba6d,GYYYSVAC,IQSGGAST,AADVTSHRVAY,8,8,11,QVQLQESGGGLVQAGGSLRLSCAAS,MGWFRQAPGKEREGVAA,YYADSVKGRFTISRDNAKNTVYLQMNSLKPEDTAVYYC,WGQGTQVTVSS,anarci_imgt
8ac0ab44-c60f-4842-b70f-ef365e76964c,DFSRSTVASYV,IYTSHSST,AADEVAIRRNE,11,8,11,QVQLQESGGGLVQAGGSLRLSCAAS,MGWFRQAPGKEREGVAA,YYADSVKGRFTISRDNAKNTVYLQMNSLKPEDTAVYYC,WGQGTQVTVSS,anarci_imgt
8c969b3b-ac30-4785-8320-84c29b0c5b2c,,ISCSSSTT,AADWILGVGALGGFTY,0,8,16,,VAV,YYADSVKGRFTISRDNAKNTVYLQMNSLKPEDTAVYYC,WGQGTQVTVSS,anarci_imgt
7045c10f-fc56-448d-b7a2-357d29a99ec9,GYSYPTYSTFA,ISSGQGNT,AADQSGRGRQS,11,8,11,QVQLQESGGGLVQAGGSLRLSCAAS,MGWFRQAPGKEREGVAA,YYADSVKGRFTISRDNAKNTVYLQMNSLKPEDTAVYYC,WGQGTQVTVSS,anarci_imgt
cd6d6fe8-b1f3-473a-9154-8c229cd2fa4c,GYSYSDYG,ISTAAGST,AADTCGGAKTE,8,8,11,QVQLQESGGGLVQAGGSLRLSCAAS,MGWFRQAPGKEREGVAT,YYADSVKGRFTISRDNAKNTVYLQMNSLKPEDTAVYYC,WGQGTQVTVSS,anarci_imgt
69ab2d3c-1e20-4237-aad6-1b53657ae3b0,GFRYSTYV,ISGGGNIT,AADNATGSTQR,8,8,11,QVQLQESGGGLVQAGGSLRLSCAAS,MGWFRQAPGKEREGVAC,YYADSVKGRFTISRDNAKNTVYLQMNSLKPEDTAVYYC,WGQGTQVTVSS,anarci_imgt
9ef3d400-1604-4bcf-9469-2e33ef0febad,GYYYTTYSDRA,ISSGSDIT,AADTVAVRRGY,11,8,11,QVQLQESGGGLVQAGGSLRLSCAAS,MGWFRQAPGKEREGVAC,YYADSVKGRFTISRDNAKNTVYLQMNSLKPEDTAVYYC,WGQGTQVTVSS,anarci_imgt
280061e9-be6c-4cbd-9b98-7f3bfdd2989a,GFTDSLYV,IYSDFGPT,AADLCAGTEPR,8,8,11,QVQLQESGGGLVQAGGSLRLSCAAS,MGWFRQAPGKEREGVAA,YYADSVKGRFTISRDNAKNTVYLQMNSLKPEDTAVYYC,WGQGTQVTVSS,anarci_imgt
7eabfc76-fd23-4587-bc51-7472f069499d,GFESSNYW,YKGAGAIP,AADTLNGYLCHWVLNACLWRAGEQDC,8,8,26,LSCAAS,MGCFRQARVKNVKVLQR,IMQIALQGSFTISRDNAKNTVYLQMNSLKPEDTAVYYC,WGQGTQVTVSS,anarci_imgt
3e676088-df6d-4fb8-8f36-1cf307809cd5,GISYSSYS,INRGFSTT,AADVAEGPLWAWIYVF,8,8,16,QVQLQESGGGLVQAGGSLRLSCAAS,MGWFRQAPGKEREGVAE,YYADSVKGRFTISRDNAKNTVYLQMNSLKPEDTAVYYC,WGQGTQVTVSS,anarci_imgt
a144c44a-765f-4415-9af1-381ce1541ddb,GYTYGTYSSYS,ISRGEDNT,AADLESRRAPY,11,8,11,QVQLQESGGGLVQAGGSLRLSCAAS,MGWFRQAPGKEREGVAS,YYADSVKGRFTISRDNAKNTVYLQMNSLKPEDTAVYYC,WGQGTQVTVSS,anarci_imgt
872bff1e-f946-4c12-9d51-d5f53e46fd62,GYNYRTYA,VSTRFGLT,AADFVCGSERG,8,8,11,QVQLQESGGGLVQAGGSLRLSCAAS,MGWFRQAPGKEREGVAA,DYADSVKGRFTISRDNAKNTVYLQMNSLKPEDTAVYYC,WGQGTQVTVSS,anarci_imgt
d11ba733-c4ba-4ffb-a2a4-78f42366cc7f,AGAISTYDNYA,IYSRELTT,AADTRAGRRCR,11,8,11,QVQLQESGGGLVQAGGSLRLSCAAS,MGWFRQAPGKEREGVAA,YYADSVKGRFTISRDNAKNTVYLQMNSLKPEDTAVYYC,WGQGTQVTVSS,anarci_imgt
2d64cd48-bef6-49c0-8d1c-f202b54ce09d,GYTYSSAA,INAGLGTT,AADSICYTSRE,8,8,11,QVQLQESGGGLVQAGGSLRLSCAAS,MGWFRQAPGKEREGVAT,YYADSVKGRFTISRDNAKNTVYLQMNSLKPEDTAVYYC,WGQGTQVTVSS,anarci_imgt
c2747c50-11b5-49f4-9e09-c1251ba2dd6a,,ILSGATNT,AADAGAASSRT,0,8,11,,VAH,YYADSVKGRFTISRDNAKNTVYLQMNSLKPEDTAVYYC,WGQGTQVTVSS,anarci_imgt
11dd8326-036e-4054-8d46-bcb0c45c5a35,GYTYSSYA,INMGLCTT,AADFKCRPGIW,8,8,11,QVQLQESGGGLVQAGGSLRLSCAAS,MGWFRQAPGKEREGVAA,YYADSVKGRFIISRDNAKNTVYLQMNSLKPEDTAVYYC,WGQGTQVTVSS,anarci_imgt
f8360010-b63a-4fa7-bd95-e8981e35a647,GYIHSRFI,IHSGDAET,AADLVIVPGAP,8,8,11,VQLQESGGGLVQAGGSWRLSCAAS,MGWFRQAPGKEREGVAN,YYADSVKGRFTISRDNAKNTVYLQMNSLKPEDTAVYYC,WGQGTQVTVSS,anarci_imgt
38831dff-ee96-49c0-93b1-11cbaf6ba108,GYTGGVYV,ISSSQRST,AADISRSGYQA,8,8,11,QVQLQESGGGLVQAGGSLRLSCAAS,MGWFRQAPGKEREGVAA,DYADSVKGRFTISRDNAKNTVYLQMNSLKPEDTAVYYC,WGQGTQVTVSS,anarci_imgt
63fbee3b-9a20-4f7c-866d-60d04270441f,SFASRTYE,INFGGGST,AADNRVIRCQT,8,8,11,QVQLQESGGGLVQAGGSLRLSCAAS,MGWFRQAPGKEREGVAA,YYADSVKGRFTISRDNAKNTVYLQMNSLKPEDTAVYYC,WGQGTQVTVSS,anarci_imgt
36575d66-ff8b-4e55-b504-5a58c3cd9f47,GYTYRSYA,IGSGGSPT,AADRSRDWLISSDYRY,8,8,16,QVQLQESGGGLVQAGGSLRLSCAAS,MGWFRQAPGKEREGVAY,YYADSVKGRFTISRDNAKNTVYLQMNSLKPEDTAVYYC,WGQGTQVTVSS,anarci_imgt
a2e01f94-9e60-4948-9955-90b04bcf50f0,,IETPMGST,AADAAGRGVGD,0,8,11,,AA,YYADSVKGRFTISRDNAKNTVYLQMNSLKPEDTAVYYC,WGQGTQVTVSS,anarci_imgt
5d4047ca-2e61-4a14-9347-730ab2c8b88d,GGTQSTYV,IGVDANMT,AADVGRGHSGS,8,8,11,QVQLQESGGGLVQAGGSLRLSCAAS,MGWFRQAPGKEREGVAA,YYADSVKGRFTISRDNAKNTVYLQMNSLKPEDTAVYYC,WGQGTQVTVSS,anarci_imgt
d6c13cc1-e251-44e4-b18a-124291a1baa3,GFNYYTYSTYA,IDRGLNAT,AADYPARRGAS,11,8,11,GGSLRLSCAAS,MGWFRQAPGKEREGVAS,YYADSVKGRFTISRDNAKNTVYLQMNSLKPEDTAVYYC,WGQGTQVTVSS,anarci_imgt
dd69386b-0b69-4f2d-8303-613f666d6969,RVNHRTYSSIA,ISWDFIGT,AADRGAASSRT,11,8,11,QVQLQESGGGLVQAGGSLRLSCAAK,MGWFRQAPGKEREGVAA,YYADSVKGRFTISRDNAKNTVYLQMNSLKPEDTAVYYC,WGQGTQVTVSS,anarci_imgt
f91665b8-35d1-4ad3-84a6-8a52978e92ac,GFRAGPYT,IKTGGAST,AADFAVSPLRC,8,8,11,VQAGGSLRLSCAAS,MGWFRQAPGKEREGVAG,YYADSVKGRFTISRDNAKNTVYLQMNSLKPEDTAVYYC,WGQGTQVTVSS,anarci_imgt
1675fb2f-c291-45d7-8473-8556a9caf429,GYPTVPRRW,VSTSHFTT,AADLPRYRCRR,9,8,11,VQAGGSLRLSCAAS,VGFVRDRGKEREGVAT,YYADSVKGRFTISRDNAKNTVYLQMNSLKPEDTAVYYC,WGQGTQVTVSS,anarci_imgt
0a99e6ef-b664-42be-a153-13efa83a420b,GYTAVTNA,INVGSCLT,AADAAAGACIS,8,8,11,QVQLQESGGGLVQAGGSLRLSCAAS,MGWFRQAPGKEREGVAA,YYADSVKGRFTISRDNAKNTVYLQMNSLKPEDTAVYYC,WGQGTQVTVSS,anarci_imgt
3b962765-fe11-4fac-abd4-1622b6ccb3e5,GGTKSLYSDYV,IYTGDNKT,AADTASVRRGG,11,8,11,QVQLQESGGGLVQAGGSLRLSCAAS,MGWFRQAPGKEREGVAT,YYADSVKGRFTISRDNAKNTVYLQMNSLKPEDTAVYYC,WGQGTQVTVSS,anarci_imgt
1b0d7cf4-9740-4a1b-9d62-20cc7ae1d248,GYTYSSTA,INRVDIRT,AADLAGCSEAL,8,8,11,VLVQAGGSLRLSCAAS,MGWFRQAPGKEREGVAI,YYADSVKGRFTISDNAKNTVYLQMNSLKPEDTAVYYC,WGQGTQVTVSS,anarci_imgt
416a253e-5e55-4476-92b6-9fe3673d59e9,GYSYSSYV,IEMVAGRT,AADYATSLVYASDLGF,8,8,16,QVQLQESGGGLVQAGGSLRLSCAAS,MGWFRQAPGKEREGIAT,YYADSVKGRFTISRDNAKNTVYLQMNSLKPEDTAVYYC,WGQGTQVTVSS,anarci_imgt
d5830112-2da3-4d89-9c94-ce6fbd973691,GHTYSSRG,ISSGAAMT,AADWAIRLLGLLGANY,8,8,16,QVQLQESGGGLVQAGGSLRLSCAAS,MGWFRQAPGKEREGVAA,YYADSVKGRFTISRDNAKNTVYLQMNSLKPEDTAVYYC,WGQGTQVTVSS,anarci_imgt
974a3889-f1df-4bb1-91de-e7123c632d2e,SVSYV,VNMGGGRT,AADPAHPFYETGGLGPCSREPGEKNY,5,8,26,,MGWFRQAPGKEREGVAT,YYADSVKGRFTISRDNAKNTVYLQMNGLKPEDTAVYYC,WGQGTQVTVSS,anarci_imgt
8cd049ea-9916-4375-afcd-4754bd59f29b,GYTYRTSSDIV,ITVGFGET,AADIAAKVAGG,11,8,11,QVQLQESGGGLVQAGGSLRLSCAAS,MGWFRQALGKEREGVAH,YYADSVKGRFTISRDNAKNTVYLQMNSLKPEDTAVYYC,WGQGTQVTVSS,anarci_imgt
6653b3db-a9d5-43f6-90ff-59b6cc71f820,GYEYSSYT,IIVGRSCT,AADDYPGAVRQ,8,8,11,QVQLQESGGGLVQAGGSLRLSCAAS,MGWFRQAPGKEREGVAR,YYADSVKGRFTISRDNDKNTVYLQMNSLKPEDTAVYYC,WGQGTQVTVSS,anarci_imgt
ed828e59-8bb2-479c-aa8c-5a131d5306c6,GYWYNRYV,IRIGESMT,AADFGHVAAGT,8,8,11,RFSWQESGGGLVQAGGSLRLSCAAS,MGWFRQAPGKEREGVAI,YYADSVKGRFTISRDNAKNTVYLQMNSLKPEDTAVYYC,WGQGTQVTVSS,anarci_imgt
ed150d0a-dfc8-40c9-9e8a-40e9de9b7336,GYTYSSFG,IIMGAGAT,AADYEHAICHR,8,8,11,VQAGGSLRLSCAAS,MGWFRQAPGKEREGVAH,YYADSVKGRFTISRDNAKNTVYLQMNSLKPEDTAVYYC,WGQGTQVTVSS,anarci_imgt
947808ed-0931-4931-a9e7-4d0d6e731302,AYLYGTNA,IHTGFGNT,AADYSVAGGAS,8,8,11,QVQLQESGGGLVQAGGSLRLSCAAS,MGWFRQAPGKEREGVAT,YYADSVKGRFTISRDNAKNTVYLQMNSLKPEDTAVYYC,WGQGTQVTVSS,anarci_imgt
96782488-33c1-43ce-b67a-ba4a89e4f344,,ITANGKTT,AADAVHAATAA,0,8,11,,GM,YYADSVKGRFTISRDNAKNTVYLQMNSLKPEDTAVYYC,WGQGTQVTVSS,anarci_imgt
ffdf7b6f-8810-43f9-ac29-833ec5843838,GYIISPYVGYG,IKSGAGST,AADERLVACYC,11,8,11,QVQLQESGGGLVQAGGSLRLSCAAS,MGWFRQAPGKEREGVAA,YYADSVKGRFTISRDNAKNTVYLQMNSLKPEDTAVYYC,WGQGTQVTVSS,anarci_imgt
a3536591-41d6-496b-8853-d5cadd657af1,,ISSGRHST,AADRAGAAVWK,0,8,11,,FRQAPGKEREGVAA,YYADSVKGRFTISRDNAKNTVYLQMNSLKPEDTAVYYC,WGQGTQVTVSS,anarci_imgt
66a56467-91e4-4fdc-ad61-04f0182953e1,GVSYSSYA,INIGAGTT,AADTPPCEAGG,8,8,11,QVQLQESGGGLVQAGGSLRLSCAAS,MGWFRQAPGKEREGVAV,YYADSVKGRFTISRDNAKNTVYLQMNSLKPEDTAVYYC,WGQGTQVTVSS,anarci_imgt
3d222305-880d-4a05-8b63-fcf8d8c405da,GYTYSRAA,IFVGGAST,AADTGVACGRY,8,8,11,QVQLQESGGGLVQAGGSLRLSCAAS,MGWFRQAPGKEREGVAV,YYADSVKGRFTISRDNAKNTVYLQMNSLKPEDTAVYYC,WGQGTQVTVSS,anarci_imgt
3ef4f585-112f-416a-a3ee-d26b59102219,GGRYSGYA,IDVGFAST,AADGPHLCSGVTCAGY,8,8,16,QVQLQESGGGLVQAGGSLRLSCAAS,MGWFRQAPGKEREGVAA,YYADSVKGRFTISRDNAKSTVYLQMNSLKPEDTAVYYC,WGQGTQVTVSS,anarci_imgt
3b017579-bd5e-499b-a67d-7593ea2ebb27,GFTISSYA,IYSSACET,AADPTRAEAPA,8,8,11,QVQLQESGGGLVQAGGSLRLSCAAS,MGWFRQAPGKEREGVAA,YYADSVKGRFTISRDNAKNTVYLQMNSLKPEDTAVYYC,WGQGTQVTVSS,anarci_imgt
8452ac1e-9623-4c8e-9eab-98a6b6752f75,,IRSSADKT,AADQRGAAARR,0,8,11,,CFVAH,YYADSVKGRFTISRDNAKNTVYLQMNSLKPEDTAVYYC,WGQGTQVTVSS,anarci_imgt
a85f24b3-d05c-4819-a5ff-a3ffb697f767,EFTYSTYSSVW,IYSGRCST,AADEVAVTARY,11,8,11,QVQLQESGGGLVQAGGSLRLSCAAS,MGWFRQAPGKEREGVAA,YYADSVKGRFTISRDNAKNTVYLQMNSLKPEDTAVYYC,WGQGTQVTVSS,anarci_imgt
a3e3006b-a5f5-40b1-996e-7602aee3d7dd,EITTSSEA,ILIGDITT,AADACAVALGR,8,8,11,QVELQESGGGLVQAGGSLRLSCAAS,MGWFRQAPGKEREGVAT,YYADSVKGRFTISRDNAKNTVYLQMNSLKPEDTAVYYC,WGQGTQVTVSS,anarci_imgt
12e48c26-458b-4eb0-ab85-bb1a17f2ae9d,GYTYPSYSVYE,IYSGSITT,AADMAPAPRPR,11,8,11,VQAGGSLRLSCAAS,MGWFCQAPGKEREGVAF,YYADSVKGRFTISRDNAKNTVYLQMNSLKPEDTAVYYC,WGQGTQVTVSS,anarci_imgt
5d261ff0-fd3a-4b7c-9a71-8f4fec191e36,EISYVRVG,IHTDTSRT,AADVSPGYVGY,8,8,11,QVQLQESGGGLVQAGGSLRLSCAAS,MGWFRQAPGKEREGVAA,YYADSVKGRFTISRDNAKNTVYLQMNSLKPEDTAVYYC,WGQGTQVTVSS,anarci_imgt
9ca4e962-b78e-4a98-be52-2ab2763f56c9,GYDYGSYASNV,IYGGDIST,AADIPAGTAPR,11,8,11,VSCAAS,MGWFRQAPGKEREGVAH,YYADSVKGRFTISRDNAKNTVYLQMNSLKPEDTAVYYC,WGQGTQVTVSS,anarci_imgt
3eb78353-f195-4df6-9aa8-d8e31c2c021a,GDVVSSYWNYP,INTPDAST,AADFASVAAPA,11,8,11,QVQLQESGGGSVQAGGSLRLSCEAS,MGWFRQAPGKEREGVAA,YYADSVKGRFTISRDNAKNTVYLQMNSLKPEDTAVYYC,WGQGTQVTVSS,anarci_imgt
e93def84-9bc3-412c-bf7c-a178c4c052ac,EYTYSSYC,INAGGAMT,AADTRGCAGRG,8,8,11,VQLQESGGGLVQAGGSLRLSCAAS,MGWFRQAPGKEREGVAA,YYADSVKGRFTISRDNAKNTVYLQMNSLKPEDTAVYYC,WGQGTQVTVSS,anarci_imgt
5e59774c-9cc1-41a0-90ec-416ec07396a1,GSTYSPIV,ISRGGDLT,AADGARAVAPS,8,8,11,QVQLQESGGGLVQAGGSLRLSCAAS,MGWFRQAPGKEREGVAA,YYADSVKGRFTISRDNAKNTVYLQMNSLKPEDTAVYYC,WGQGTQVTVSS,anarci_imgt
e124a15f-c6ee-47d6-bff0-d4703dd3e45e,GYYRELTSSAV,VGSGESST,AADFRRPYRGG,11,8,11,QVQLQESGGGLVQAGSSLRLSCAAS,MGWFRQAPGKEREGVAF,YYADSVKGRFTISRDNAKNTVYLQMNSLKPEDTAVYYC,WGQGTQVTVSS,anarci_imgt
2deb12a9-11c8-4738-9fbb-e41bbf908f08,GSPSRSYV,IRTSIGST,AADWGSRAVRG,8,8,11,SGGGLVQAGGSLRLSCAAS,MGWFRQAPGKEREGVAY,YYADSVKGRFTISRDNAKNTVYLQMNSLKPEDTAVYYC,WGQGTQVTVSS,anarci_imgt
35856531-45fa-4e96-8b28-a342ae760943,,,AADLAGSPSSSTYYGY,0,0,16,,,SADSVKGRFTISRDNAKNTVYLQMNSLKPEDTAVYYC,WGQGTQVTVSS,anarci_imgt
e5518c57-b26f-4112-9655-a87951708ad7,EITDRSAV,ISGGMGVT,AADLALVSCGE,8,8,11,QVQLQESGGGLVQAGGSLRLSCAAS,MGWFRQAPGKEREGVAT,YYADSVKGRFTISRDNAKNTVYLQMNSLKPEDTAVYYC,WGQGTQVTVSS,anarci_imgt
c2479c31-3f44-476d-b99b-d7f48181c7c0,GHAHEGYA,ILSGGIST,AADYATAAAGE,8,8,11,QVQLQESGGGLVQAGGSLRLSCAAS,MGWFRQAPGKEREGVAA,YYADSVKGRFTISRDNAKNTVYLQMNSLKPEDTAVYYC,WGQGTQVTVSS,anarci_imgt
ded18ed2-a882-4da4-bbed-a06938114015,GYTRGTYSTAV,ISRGFGKT,AADTSSARAPS,11,8,11,QVQLQESGGGLVQAGGSLRLSCAAS,MDWFRQAPGKEREGVAA,YYADSVKGRFTISRDNAKNTVYLQMNSLKPEDTAVYYC,WGQGTQVTVSS,anarci_imgt
3d7b4a15-c473-468a-9087-8683eb060eea,GYYYSTYVTEV,INRGDIWT,AADEAGVSSYPLGYTD,11,8,16,VQLQESGGGLVQAGGSLRLSCAAS,MGWFRQAPGKEREGVAA,YYADSVKGRFTISRDNAKNTVYLQMNSLKPEDTAVYYC,WGQGTQVTVSS,anarci_imgt
caa07689-f336-4a5a-8839-7f2a532a1e3a,GYPYSNYV,ILSGKGTT,AADPALSWYSGFGNRY,8,8,16,QVQLQESGGGLVQAGGSLRLSCAAS,MGWFRQAPGKEREGVAA,YYADSVKGRFTISRDNAKNTVYLQMNSLKPEDTAVYYC,WGQGTQVTVSS,anarci_imgt
55eb95c2-8677-4235-ab61-8b51bd405bcd,GLTYSRYA,IYTSSDRT,AADYVVSVSVT,8,8,11,GLVQAGGSLRLSCAAS,MGWFRQAPGKEREGVAA,YYADSVKGRFTISRDNAKNTVYLQMNSLKPEDTAVYYC,WGQGTQVTVSS,anarci_imgt
7bf42ab1-319a-442b-b42d-59a328dc50fc,GYGLSTKA,ISSSGFQT,AADGVGRAIGS,8,8,11,QVQLQESGGGLVQAGGSLRLSCAAS,MGWFRQAPGKEREGVAF,YYADSVKGRFTISRDNAKNTVYLQMNSLKPEDTAVYYC,WGQGTQVTVSS,anarci_imgt
014095d8-bfba-4248-b06f-214ac63807cc,GYSYETAA,ILSGTSNT,AQQIRQCRRASG,8,8,12,QVQLQESGGGLVQAGGSLRLSCAAS,MGWFRQAPGKEREGVAH,YYADSVKGRFTISRDNTKNTVYLQMNSLKPEDTAVYYS,WGQGTQVTVSS,anarci_imgt
6b09d284-b21b-4670-9fb8-ce680687cdcf,,GGMST,AADGAGGTCTR,0,5,11,,,YYADSVKGRFTISRDNAKNTVYLQMNSLKPEDTAVYYC,WGQGTQVTVSS,anarci_imgt
edaed346-6da2-4a3e-a78c-d588de4e0b6d,VSHYRSFV,ISTFRIRT,AADYPAGSVRS,8,8,11,QVQLQESGGGLVQAGGSLRLSCAAS,MGWFRQAPGKEREGVAA,YYADSVKGRFTISRDNAKNTVYLQMNSLKPEDTAVYYC,WGQGTQVTVSS,anarci_imgt
3471abd2-5591-4a27-bdbc-6b6600d26554,GVTYSNYE,INIGDITT,AADYRSYPALW,8,8,11,QVQLQESGGGLVQAGGSLRLSCAAS,MGWFRQAPGKEREGVAA,YYADSVKGRFTISRDNAKNTVYLQMNSLKPEDTAVYYC,WGQGTQVTVSS,anarci_imgt
e25dda45-fabe-4ee0-9e25-8b466d65eda3,GFTYPTYARYV,LLGMSSST,AADGVTRRTNY,11,8,11,QVQLQESGGGLVQAGGSLRLSCAAS,MGWFRQAPGKEREGVAA,YYADSVKGRFTISRDNAKNTVYLQMNSLKPEDTAVYYC,WGQGTQVTVSS,anarci_imgt
f5a61aac-5756-40ee-a80b-7ac9c4324f3d,GYPYNVASSNA,IQRGFILT,AADTVAHAGSS,11,8,11,ESGGGLVQAGGSLRLSCAAS,MGWFCQAPGKEREGVAH,YYADSVKGRFTISRDNAKNTVYLQMNSLKPEDTAVYYC,WGQGTQVTVSS,anarci_imgt
3cc53cd3-8bf6-4346-9acd-6775d78ba0c3,,ATFITGTGST,AADTGIPWYCLYWKGVCAPYDNQFNR,0,10,26,,HRVKNVVGV,YYADSVKGRFTISRDNAKNTVYLQMNSLKTEDTAVYYC,WGQGTQVTVSS,anarci_imgt
757c2f3a-8def-499e-9188-5dbe20bcc280,GGGYSSNC,IYSRGSTT,AADWRGRGSISLGYNY,8,8,16,SLRLSCAAS,MGWFRQAPGKEREGVAT,YYADSVKGRFTISRDNAKNTVYLQMDSLKPEDTAVYYC,WGQGTQVTVSS,anarci_imgt
aa08746b-a6f9-4fc0-bb7c-08c0708869f1,GYEYSSYV,ISMRSNAT,AADWDISYIFVSGYNI,8,8,16,VQAGGSLRLSCAAS,MGWFRQAPGKEREGVAR,YYADSVKGRFTISRDNAKNTVYLQMNSLKPEDTAVYYC,WGQGTQVTVSS,anarci_imgt
531ece12-4362-4dba-8a1e-7109a2df8b42,GYLSRDAT,IYGVGDLT,AADTGCGRAPP,8,8,11,QVQLQESGGGLVQAGGSLRLSCAAS,MGWFRQAPGKEREGVAA,YYADSVKGRFTISRDNAKNTVYLQMNSLKPEDTAVYYC,WGQGTQVTVSS,anarci_imgt
9db89ca5-4a69-4643-abd3-a5b608d00147,,,,,,,,,,,unannotated
d4a62776-0c36-4855-882d-eb2caf7705c3,GYTYSSYA,ISRGDFTT,AADYAARGCST,8,8,11,QVQLQESGGGLVQAGGSLRLSCAAS,MGWFRQAPGKEREGVAA,YYADSVKGRFTISRDNAKNTVYLQMNSLKPEDTAVYYC,WGQGTQVTVSS,anarci_imgt
a9c804be-8a23-4233-b209-e6e863af0618,AYSVPTYSTNA,INLGGGVT,AADYLLLGHSG,11,8,11,QVQLQESGGGLVQAGGSLRLSCAAS,MGWFRQAPGKEREGVAR,YYADSVKGRFTISRDNAKNTVYLQMNSLKPEDTAVYYC,WGQGTQVTVSS,anarci_imgt
02653d5d-5b43-4869-b2ba-67cf27e59e06,,SG,AADFAAPVSNAVISNY,0,2,16,,,YYADSVKGRFTISRDNAKNTVYLQMNSLKPEDTAVYYC,WGQGTQVTVSS,anarci_imgt
f56419b1-eae7-4689-b7f8-923f622945fb,GFTYSRAN,IKSGDYFT,AADYGRRGPCNLELTHTCSGGGQYGY,8,8,26,S,MGWFRQAPGKEREGVAA,YYADSVKGRFTISRDNAKNTVYLQMNSLKPEDTAVYYC,WGQGTQVTVSS,anarci_imgt
44d04ab6-2d82-407a-ab97-983f025a5ecb,GYRYRTYSVAS,INFGEGRT,AADAGAPGGCR,11,8,11,QVQLQESGGGLVQAGGSLRLSCAAS,MGWFRQAPGKEREGVAA,YYADSVKGRFTISRDNAKNTVYLQMNSLKPEDTAVYYC,WGQGTQVTVSS,anarci_imgt
210d6eba-af32-4e0e-9e48-98c8e0ba6f30,GHAYSSYA,NTGGVIT,AADIIYGWGGRRGLRY,8,7,16,QVQLQESGGGLVQAGGSLRLSCAAS,MGWFRQAPGKEREGVAA,YYADSVKGRFTISRDNAKNTVYLQMNSLKPEDTAVYYC,WGQGTQVTVSS,anarci_imgt
a0732da7-9171-4425-8f50-552622e7c2b6,GYIYSPYSSYA,ISIADATT,AADYYEGAYRC,11,8,11,QVQLQESGGGLVQAGGSLRLSCAAS,MGWFRQAPGKEREGVAA,YYADSVKGRFTISRDNAKNTVYLQMNSLKPEDTAVYYC,WGQGTQVTVSS,anarci_imgt
f4625fdb-9a74-4ddc-8ac8-e618152f7bb9,YERNC,INVGSSST,AADACTTACPR,5,8,11,,MGWFRQAPGKEREGVAA,YYADSVKGRFTISRDNAKNTVYLQMNSLKPEDTAVYYC,WGQGTQVTVSS,anarci_imgt
1d7c9a74-a17a-477a-b4cb-17ae3e1bc620,GFDYSTYSTRE,IGVGGIST,AADGGLQWGKLRGFGY,11,8,16,SGGGLVQAGGSLRLSCAAS,MGWFRQAPGKEREGVAS,YYADSVKGRFTISRDNAKNTVYLQMNSLKPEDTAVYYC,WGQGTQVTVSS,anarci_imgt
cacf5b96-7ca2-4c38-be23-b4661f76af76,GYRASAYSRNC,IHSGDLST,AADYRYGGRGT,11,8,11,GGSLRLSCAAS,MGWFRQAPGKEREGVAR,YYADSVKGRFTISRDNAKNTVYLQMNSLKPEDTAVYYC,WGQGTQVTVSS,anarci_imgt
ac2ab3eb-fb49-49ac-9230-2663b0a83667,GYQYVPYG,IGRGMSST,AADDVHCSWALSEYRY,8,8,16,QVQLQESGGGLVQAGGSLRLSCAAS,MGWFRQAPGKEREGVAV,YYADSVKGRFTISRDNAKNTVYLQMNSLKPEDTAVYYC,WGQGTQVTVSS,anarci_imgt
270772fb-d8f0-4063-bd93-d4cb66fc0212,,,,,,,,,,,unannotated
5d61cce7-ebd1-4bbb-94e0-83d73d3bab59,GSVYETYSDEA,IYSSAGTT,GTDISGCYENC,11,8,11,SGGGLVQAGGSLRLSCAAS,MGWFRQAPGKEREGVAA,YYADSVKGRFTISRDNAKNTVYLQMNSLKPEDTAVYYC,WGQGTQVTVSS,anarci_imgt
303e52fe-116e-4916-aab1-fdcdd28de078,,IKAGVGST,AADTRGQCLGRMRAGQ,0,8,16,,FQAPGKEREGVAV,YYADSVKGRFTISRDNAKNTVYLQMNSLKPEDTAVYYC,WGQGTQVTVSS,anarci_imgt
0225be39-49a0-4659-8e5a-0fd16e7c4746,SSYT,IYTGGGET,AADFSAPSFCLPGGSGPLCYYGGEFNY,4,8,27,,MGWFRQAPGKEREGVAA,YYADSVKGRFTISRDNAKNTVYLQMNSLKPEDTAVYYC,WGQGTQVTVSS,anarci_imgt
33e53b00-ea93-4915-a3cf-f1a379980eca,VYSRYP,IYSGGGTT,AADDVGLARPD,6,8,11,QVQLQESGGGLVQAGGSLRLSCAAS,MGWFRQAPGKEREGVAA,HYADSVKGRFTISRDNAKNTVYLQMNSLKPEDTAVYYC,WGQGTQVTVSS,anarci_imgt
2fc39ad5-1832-4da1-8a16-b2395302eba5,GYSYRVDA,INIDESMT,AADYVARGHGW,8,8,11,QVQLQESGGGLVQAGGSLRLSCAAS,MGWFRQAPGKEREGVAA,YYADSVKGRFTISRDNAKNTVYLQMNSLKPEDTAVYYC,WGQGTQVTVSS,anarci_imgt
9c550b15-a238-40dc-9ddf-7ad4fa4ccfd5,WSTGCWYSTNA,INVPSGVT,AADMPALPPRC,11,8,11,QVQLQESGGGLVQAGGSLRLSCAAS,MGWFRQAPGKEREGVAV,YYADSVKGRFTISRDNAKNTVYLQMNSLKPEDTAVYYC,WGQGTQVTVSS,anarci_imgt
aa4e2990-92d3-480c-86f8-d946ef74e79b,GLTYSSYS,VNIGKGRT,AADPRGAGGIG,8,8,11,QVQLQESGGGLVQAGGSLRLSCAAS,MGWFRQAPGKEREGVAA,YYADSVKGRFTISRDNAKNTVYLQMNSLKPEDTAVYYC,WGQGTQVTVSS,anarci_imgt
e40be5e1-e9ff-42be-a276-c255233c4ee3,GGTYSTYSTAE,IGTGDAST,AADTPGADVHT,11,8,11,QVQLQESGGGLVQAGGSLRLSCAAS,MGWFRQAPGKEREGVAA,YYADSVKGRFTISRDNAKNTVYLQMNSLKPEDTAVYYC,WGQGTQVTVSS,anarci_imgt
1231a8b0-387a-4d82-8f8c-53ebeda0d0bd,,,,,,,,,,,unannotated
e2d76c19-7c6d-45a8-a762-4a92b1861a01,GVSSSPYV,LYIGDVTT,AADWRAVVRPR,8,8,11,QVQLQESGGGLVQAGGSLRLSCAAS,MGWFRQAPGKEREGVAR,YYADSVKGRFTISRDNAKNTVYLQMNSLKPEDTAVYYC,WGQGTQVTVSS,anarci_imgt
c9e45496-ccc2-4292-a321-5066c40a8241,GYISGGYA,ISTGTINT,AADWSGAAAPA,8,8,11,GLVQAGGSLRLSCAAS,MGWFRQAPGKEREGVAV,YYADSVKGRFTISRDNAKNTVYLQMNSLKPEDTAVYYC,WGQGTQVTVSS,anarci_imgt
15270dd0-5f8e-4c52-bd7a-c38ec7ad2122,GYGYSTYRREA,INCGSCST,AADLEPGYWGGSSARY,11,8,16,VQLQESGGGLVQAGGSLRLSCAAS,MGWFRQAPGKEREGVAT,YYADSVKGRFTISRDNAKNTVYLQMNSLKPEDTAVYYC,WGQGTQVTVSS,anarci_imgt
728c7fb3-a0c4-4d48-a19d-38e616a03030,GYSFSVTC,IYSGGLQT,AADTVSGLAHL,8,8,11,QVQLQESGGGLVQAGGSLRLSRAAS,MGWFRQAPGKEREGVAT,YYADSVKGRFTISRDNAKNTVYLQMNSLKPEDTAVYYC,WGQGTQVTVSS,anarci_imgt
bd32fec9-c54b-4e39-974d-a2d09767ee80,GYTRQAYSTYP,ICSGTHST,AADISILLVGHPEFTY,11,8,16,LQESGGGLVQAGGSLRLSCAAS,MGWFRQAPGKEREGVAA,YYADSVKGRFTISRDNAKNTVYLQMNSLKPEDTAVYYC,WGQGTQVTVSS,anarci_imgt
b4eda7b0-8077-44fa-84d0-16ee266c7acd,GFTYSRYV,ISSSLGST,AADIRAGPGAG,8,8,11,CVSCAAS,MGWFRQAPGKEREGVAA,YYADSVKGRFTISRDNAKNTVYLQMNSLKPEDTAVYYC,WGQGTQVTVSS,anarci_imgt
38b14e13-4169-4989-b05c-7c7ba18160dd,GIYYRSYT,INFGDLET,AADPGTPRCPE,8,8,11,QVQLQESGGGLVQAGGSLRLSCAAS,MGWFRQAPGKEREGVAA,YYADSVKGRFTISRDNAKNTVYLQMNSLKPEDTAVYYC,WGQGTQVTVSS,anarci_imgt
47b58280-6b0f-44a8-a1ff-b00957250ef0,EITKSRYV,IHGGDVST,AADWVGSSCGY,8,8,11,QVQLQESGGGLVQAGGSLRLSSAAS,MGWFRQAPGKEREGVAA,YYADSVKGRFTISRDNAKNTVYLQMNSLKPEDTAVYYC,WGQGTQVTVSS,anarci_imgt
34bcfdc2-aed9-4c0e-bc0c-a2a75a92b340,GYTYSRTA,IRSGGGST,AADYAGGAGQG,8,8,11,QVQLQESGGGLVQAGGSLRLSCAAS,MGWFRQAPGKEREGVAV,YYADSVKGRFTISRDNAKNTVYLQMNSLKPEDTAVYYC,WGQGTQVTVSS,anarci_imgt
cab93c78-daab-4e29-8bee-f50c935df635,GYSYSRRP,ICTGAHLT,AADPYLAAGRD,8,8,11,QVQLQESGGGLVQAGGSLRLSCAAS,MGWFRQAPGKEREGVAF,YYADSVKGRFTISRDNAKNTVYLQMNSLKPEDTAVYYC,WGQGTQVTVSS,anarci_imgt
52fa9a95-186c-4c2c-83a7-50c6b32f6722,EYTYRDYA,IEGGGGST,AADMGACGGQG,8,8,11,QVQLQESGGGLVQAGGSLRLSCAAS,MGWFRQAPGKEREGVAT,YYADSVKGRFTISRDNAKNTVYLQMNSLKPEDTAVYYC,WGQGTQVTVSS,anarci_imgt
d37b7b86-36cc-4c9d-ae80-fe4ef4b7c2ec,GYEYSSYS,IYARLMYT,AADRYCVAPTS,8,8,11,QVQLQESGGGLVQAGGSLRLSCAAS,MGWFRQAPGKEREGVAI,YYADSVKGRFTISRDNAKNTVYLQMNSLKPEDTAVYYC,WGQGTQVTVSS,anarci_imgt
671b1e83-84e2-4975-a514-bb6eb223b763,GYYYSVYS,ILTGVGST,AADGRCTWTCSCTLPWYEGGMGGTNY,8,8,26,SLRLSCAAS,MGWFRQAPGKEREGVAA,YYADSVKGRFTISRDNAKNTVYLQMNSLKPEDTAVYYC,WGQGTQVTVSS,anarci_imgt
2aa579c7-8543-4462-bfbd-e5f77c191ace,,GRLST,AADTTSSAGGG,0,5,11,,,YYADSVKGRFTISRDNAKNTVYLQMNSLKPEDTAVYYC,WGQGTQVTVSS,anarci_imgt
2075c207-7f65-4d5e-acbb-7b34ba069a6b,,,,,,,,,,,unannotated
53a26eb4-4f07-41da-ac6f-f2a0d15f3984,GHTYSTTSTNC,ISRGDRIT,AADFAAYAAAG,11,8,11,QVQLQESGGGLVQAGGSLRLSCAAS,MGWFRQAPGKEREGVAS,YYADSVKGRFTISRDNAKNTVYLQMNSLKPEDTAVYYC,WGQGTQVTVSS,anarci_imgt
aa8aedd7-d200-48b6-9bb9-fb490019498c,GGTKYGYRIYA,IYVSGGST,AADPRDARVGC,11,8,11,QVQLQESGGGLVQAGGSLRLSCAAS,MGWFRQAPGKEREGVAT,YYADSVKGRFTISRDNAKNTVYLQMNSLKPEDTAVYYC,WGQGTQVTVSS,anarci_imgt
6d926b23-2168-4bca-b58c-896abf3ccab8,GYTYSWYSPYA,IYSGQCST,AADFGGAVARP,11,8,11,QVQLQESGGGLVQAGGSLRLSCAAS,MGWFRQAPGKEREGVAR,YYADSVKGRFTISRDNAKNTVYLQMNSLKPEDTAVYYC,WGQGTQVTVSS,anarci_imgt
0b73be48-364c-4080-8975-75c67e8894e5,VFLYHTYGPYA,ITSGTSST,AADWSRASCAG,11,8,11,QVQLQESGGGLVQAGGSLRLSCAAS,MGWFRQAPGKEREGVAA,YYADSVKGRFTISRDNAKNTVYLQMNSLKPEDTAVYYC,WGQGTQVTVSS,anarci_imgt
87e6e4f0-b060-4b27-838c-888212e67691,GGTISSYT,ILSGWGST,AADTSRSAAGT,8,8,11,QVQLQESGGGLVQAGGSLRLSCAAS,MGWFRQAPGKEREGVAA,YYADSVKGRFTISRDNAKNTVYLQMNSLKPEDTAVYYC,WGQGTQVTVSS,anarci_imgt
52eb52d8-e7cc-445d-93f0-03ef9f9b57aa,GQTGARYC,IDRSNIGT,AADDASHAVGR,8,8,11,QVQLQESGGGLVQAGGSLRLSCAAS,MGWFRQALGKEREGVAS,YYADSVKGRFTISRDNAKNTVYLQMNSLKPEDTAVYYC,WGQGTQVTVSS,anarci_imgt
e2de975e-597c-4f9f-a927-c863e89fa52b,,,,,,,,,,,unannotated
494054dd-3f23-4ef2-af8c-7fdd35bbefbd,GYSYRRYA,IYSRTYIT,AADYLRRYPSA,8,8,11,LVQAGGSLRLSCAAS,MGWFRQAPGKEREGVAA,YYADSVKGRFTISRDNAKNTVYLQMNSLKPEDTAVYYC,WGQGTQVTVSS,anarci_imgt
057ca8f5-cf7e-4823-929e-a06d4662b023,GLTYGRKT,ISSPGGVT,AADIGSYYGTT,8,8,11,QVQLQESGGGLVQAGGSLRLSCAAS,MGWFRQAPGKEREGVAA,YYADSVKGRFTISRDNAKNTVYLQMNSLKPEDTAVYYC,WGQGTQVTVSS,anarci_imgt
33fbe173-25f0-4d46-967f-12032b55e5b3,,ITANGKTT,AADWPGTYLLALKMGGLPSTASFYGY,0,8,26,,GI,YYADSVKGRFTISRDNAKNTVYLQMNSLKPEDTAVYYC,WGQGTQVTVSS,anarci_imgt
f5788d27-587f-4cbe-823a-fc2ad2655a5c,AYEYPTSSMNA,IYCGDAIT,AADFRGAGRSG,11,8,11,QVQLQESGGGLVQAGGSLRLSCAAS,MGWFRQAPGKEREGVAT,YYADSVKGRFTISRDNAKNTVYLQMNSLKPEDTAVYYC,WGQGTQVTVSS,anarci_imgt
3f0fcbbe-7912-46e9-a6c5-f6ea296e4279,,,,,,,,,,,unannotated
8208bf1f-2bc3-42b0-91da-e60ebc9d085b,GYSYSVYV,IYSDKSRT,AADFEYCVVAS,8,8,11,VQAGGSLRLSCAAS,MGWFRQAPGKEREGVAA,YYADSVKGRFTISRDNAKNTVYLQMNSLKPEDTAVYYC,WGQGTQVTVSS,anarci_imgt
0670b53e-5796-476d-b2e2-7e665a0288f4,GITYSKYS,ILSGGLVT,AADGCSGASAT,8,8,11,QVQLQESGGGLVQAGGSLRLSCAAS,MGWFRQAPGKEREGVAT,YYADSVKGRFTISRDNAKNTVYLQMNSLKPEDTAVYYC,WGQGTQVTVSS,anarci_imgt
ad0a8814-5ef9-4950-9060-7515ac8873c2,GYTYSSYA,IDMGFGTT,AADTAAEASAY,8,8,11,QVQLQESGGGLVQAGGSLRLSCAAS,MGWFRQAPGKEREGVAH,YYADSVKGRFTISRDNAKNTVYLQMNSLKPEDTAVYYC,WGQGTQVTVSS,anarci_imgt
e93d0f12-498a-4911-980e-eb69c42ce239,GYTFSVKS,INMGAYNT,AADFVAGRKLT,8,8,11,QVQLQESGGGLVQAGGSLRLSCAAS,MGWFRQAPGKEREGVAY,YYADSVKGRFTISRDNAKNTVYLQMNSLKPEDTAVYYC,WGQGTQVTVSS,anarci_imgt
40e5c91d-2325-4f44-a6ad-1eff8e650d0f,GGTHSSFA,IYTGASST,AADGRARRSQA,8,8,11,QVQLQESGGGLVQAGGSLRLSCAAS,MGWFRQAPGKEREGVAA,YYADSVKGRFTISRDNAKNTVYLQMNSLKPEDTAVYYC,WGQGTQVTVSS,anarci_imgt
48b79c8b-b884-4bb9-b766-76713a41e577,GYGYSTISPYE,IYTGGGIT,AADTYPGYFPSLRVAAPCAYQGRYGY,11,8,26,AS,MGWFRQAPGKEREGVAA,YYADSVKGRFTISRDNAKNTVYLQMNSLKPEDTAVYYC,WGQGTQVTVSS,anarci_imgt
4ed551e6-e606-4f53-8acf-6ee74091ebd0,,IYTGASLT,AADYARRGAPG,0,8,11,,,YYADSVKGRFTISRDNAKNTVYLQMNSLKPEDTAVYYC,WGQGTQVTVSS,anarci_imgt
00c84bfe-4d5c-475b-9404-4dc0d4690317,GYSYSRAV,IFSSMGVT,AADYSGAGGSC,8,8,11,QVQLQESGGGLVQAGGSLRLSCAAS,MGWFRQAPGKEREGVAT,YYADSVKGRFTISRYNAKNTVYLQMNSLKPEDTAVYYC,WGQGTQVTVSS,anarci_imgt
fb35d24a-f011-4497-855f-d21acb51fdbf,GYAYDRYA,IRSGDVST,AADGARRSGAP,8,8,11,QVQLQESGGGLVQAGGSLRLSCAAS,MGWFRQAPGKEREGVAG,YYADSVKGRFTISRDNAKNTVYLQMNSLKPEDTAVYYC,WGQGTQVTVSS,anarci_imgt
24dfb829-34b1-494a-a1db-ffd805d462f0,GYHYSSYV,IKTGGRQT,AADFAVIGALP,8,8,11,QVQLQESGGGLVQAGGSLRLSCAAS,MGWFRQAPGKEREGVAA,YYADSVKGRFTISRDNAKNTVYLQMNSLKPEDTAVYYC,WGQGTQVTVSS,anarci_imgt
4871d7fd-17a1-4d4a-a779-4e0515426233,GYTYSSYH,IRTVNLT,AADFGKTGYEHLGPNV,8,7,16,QVQLQESGGGLVQAGGSLRLSCAAS,MGWFRQAPGKEREGVAS,YYADSVKGRFTISRDNAKNTVYLQMNSLKPEDTAVYYC,WGQGTQVTVSS,anarci_imgt
4a224777-e2e6-4920-8d9e-e4c4f32d1dea,GFTHSRNA,IGAGDLCT,AADARGSHCPGSWGGTYVSWLYGFGV,8,8,26,LQESGGGLVQAGGSLRLSCAAS,MGWFRQAPGKEREGVAT,YYADSVKGRFTISRDNAKNTVYLQMNSLKPEDTAVYYC,WGQGTQVTVSS,anarci_imgt
2b472b5a-7ff3-4bba-827d-45823289910a,GYTFSNYSTRS,IYSGGGST,ADRGSRYSGE,11,8,10,QVQLQESGGGLVQAGGSLRLSCAAS,MGWFRQAPGKEREGVAS,YYADSVKGRFTISRDNAKNTVYLQMNSLKPEDTAVYCA,WGQGTQVTVSS,anarci_imgt
87622745-8376-469e-ab50-20c266801144,AYNLGSYG,INAGDCTT,AADCVGSGTGR,8,8,11,QVQLQESGGGLVQAGGSLRLSCAAS,MGWFRQAPGKEREGVAS,YYADSVKGRFTISRDNAKNTVYLQMNSLKPEDTAVYYC,WGQGTQVTVSS,anarci_imgt
a2781b01-957a-48d5-9c66-44a4fdf94611,GYIYSNYV,IHTSMAST,AADTPRIHPCQ,8,8,11,QVQLQESGGGLVQAGGSLRLSCAAS,MGWFRQAPGKEREGVAA,YYADSVKGRFTISRDNAKNTVYLQMNSLKPEDTAVYYC,WGQGTQVTVSS,anarci_imgt
3780f38b-ba1a-43bc-a6df-c9ab210b1373,GYPYSTYV,ICCGEAIT,AADVRVGGESS,8,8,11,QVQLQESGGGLVQAGGSLRLSCAAS,MGWFRQAPGKEREGVAS,YYADSVKGRFTISRDNAKNTVYLQMNSLKPEDTAVYYC,WGQGTQVTVSS,anarci_imgt
8db05b06-a440-4526-b9dc-0eda2155454a,ELTSGGNA,ISSPFGST,AADIEAACSPY,8,8,11,QVQLQESGGGLVQAGGSLRLSCAAS,MGWFRQAPGKEREGVAA,YYADSVKGRFTISRDNAKNTVYLQMNSLKPEDTAVYYC,WGQGTQVTVSS,anarci_imgt
42956b46-d89e-4423-b636-20118a208016,GYTPSTFA,ILSGQGNT,AADTRSDLLEQGSLGAGQASANDRGQ,8,8,26,GLVQAGGSLRLSCAAS,MGWFRQAPGKEREGVAR,YYADSVKGRFTISRDNAKNTVYLQMNSLKPEDTAVYYC,WGQGTQVTVSS,anarci_imgt
a7744091-7ca6-4472-b044-78e47f2e9944,EGTSSYYN,IESGEGKT,AADLASAPRRP,8,8,11,QVQLQESGGGLVQAGGSLRLSCAAS,MGWFRQAPGKEREGVAC,YYADSVKGRFTISRDNAKNTVYLQMNSLKPEDTAVYYC,WGQGTQVTVSS,anarci_imgt
5e8dde80-8ef5-4038-b911-15466263401a,GYTYSSAA,ITVGWDIT,AADTSRRRVRS,8,8,11,QVQLQESGGGLVQAGGSLRLSCAAS,MGWFRQAPGKEREGVAH,YYADSVKGRFTISRDNAKNTVYLQMNSLKPEDTAVYYC,WGQGTQVTVSS,anarci_imgt
b420207d-539f-4573-917d-93759e79e41b,GYTGPTLSSFC,INMGELTT,AADLGAGVCRQ,11,8,11,QVQLQESGGGLVQAGGSLRLSCAAS,MGWFRQAPGKEREGVAA,YYADSVKGRFTISRDNAKNTVYLQMNSLKPEDTAVYYC,WGQGTQVTVSS,anarci_imgt
4affa53a-49af-45e6-9771-bfda8d33c00c,GVETSTYSSYA,ISTDFGVT,AADNVADAGSG,11,8,11,QVQLQESGGGLVQAGGSLRLSCAAS,MGWFRQAPGKEREGVAY,YYADSVKGRFTISRDNAKNTVYLQMNSLKPEDTAVYYC,WGQGTQVTVSS,anarci_imgt
13d952bd-681c-4ff4-9fdc-e4f00be7cfa4,GYASSTVT,INVDWSIT,AADSAPARYRP,8,8,11,QVQLQESGGGLVQAGGSLRLSCAAS,MGWFRQAPGKEREGVAI,DYADSVKGRFTISRDNAKNTVYLQMNSLKPEDTAVYYC,WGQGTQVTVSS,anarci_imgt
de6e1058-bcb7-4a20-bec4-83b095a4d805,,,AADGASPTTGSSHWAGRYGKWYQNNY,0,0,26,,,SADSVKGRFTISRDNAKNTVYLQMNSLKPEDTAVYYC,WGQGTQVTVSS,anarci_imgt
6f1bc259-4ba1-4dd9-98a6-9e48bcf8dc27,GGESRTYA,IYRGGDAT,AADTTHRGYAFTFEY,8,8,15,QVQLQESGGGLVQAGGSLRLSCAAS,MGWFRQAPGKEREGVAA,YYADSVKGRFTISRDNAKNTVYLQKTNSLKPEDTAVYYC,WGQGTQVTVSS,anarci_imgt
46193ae8-0cfc-42fa-9cc8-43155d2a2541,GGSYRPISVYN,IYTGTGWT,AADARGGRPAS,11,8,11,KAVVQAGGSLRLSCAAS,MGWFRQAPGKEREGVAT,YYADSVKGRFTISRDNAKNTVYLQMNSLKPEDTAVYYC,WGQGTQVTVSS,anarci_imgt
8e03e4be-2d96-43bf-acd3-760a6aa5187c,GYRYRSYL,IYSGDVST,AADTEKAYMSYSYFNV,8,8,16,QVQLQESGGGLVPAGGSLRLSCAAS,MGWFRQYGKEREGVAT,YYADSVKGRFTISRDNAKNTVYLQMNSLKPEDTAVYYC,WGQGTQVTVSS,anarci_imgt
ea33800a-24e3-4306-b6ef-2b8767250d8f,GYTYITTSTTA,INRGAGST,AADTSGRAPNY,11,8,11,QVQLQESGGGLVQAGGSLRLSCAAS,MGWFRQAPGKEREGVAR,YYADSVKGRFTISRDNAKNTVYLQMNSLKPEDTAVYYC,WGQGTQVTVSS,anarci_imgt
6f58313b-e479-4805-8a23-7ec2b41c994a,GVTYSTAT,IYTSSGRT,AADICACVTYV,8,8,11,QVQLQESGGGWVQAGGSLRLSCAAS,MGWFRQAPGKEREGVAS,YYADSVKGRFTISRDNAKNTVYLQMNSLKPEDTAVYYC,WGQGTQVTVSS,anarci_imgt
0ad0a8db-a8e6-4169-a885-3d5dc8715907,GYSYSSYS,IGSRGGTT,AADMAGGRRGG,8,8,11,TGSLRLSCAAS,MGWFRQAPGKEREGVAG,DYADSVKGRFTISRDNAKNTVYLQMNSLKPEDTAVYYC,WGQGTQVTVSS,anarci_imgt
c5899650-5a4c-43e9-93df-fe192d9af7da,VIHIRRRAPPLW,YLGAMPQP,AADCTAGACSR,12,8,11,QVQLQESGGGSVQAGGSLRSSRAEV,VGFVRHRVKNVKVLQQ,DYADSVKGRFTISRDNAKNTVYLQMNSLKPEDTAVYYC,WGQGTQVTVSS,anarci_imgt
af5db3b5-b888-48a3-ab75-2a5ab68580d6,GYTYDRFC,ITSGEGPT,AADTLRTRSGT,8,8,11,QVQLQESGGGLVQAGGSLRLSCAAS,MGWFRQAPGKEREGVAV,YYADSVKGRFTISRDNAKNTVYLQMNSLKPEDTAVYYC,WGQGTQVTVSS,anarci_imgt
36afbf6a-e2ed-4b8c-b3de-a591a6ecd170,GYIYSTYN,IHAMTDNT,AADFGLSAGGT,8,8,11,AGGSLRLSCAAS,MGWFRQAPGKEREGVAI,YYADSVKGRFTISRDNAKNTVYLQMNSLKPEDTAVYYC,WGQGTQVTVSS,anarci_imgt
0223a1eb-ccc2-4c2b-a866-077675c497f1,GYTYA,IYSSEATT,AADYAITVVPQDLVIRYLADRGVYGY,5,8,26,CAAS,MGWFRQAPGKEREGVAA,YYADSVKGRFTISRDNAKNTVYLQMNSLKPEDTAVYYC,WGQGTQVTVSS,anarci_imgt
a5aead0a-7984-4b5d-a203-8c96dabf732b,GYSLRREC,VLTRGFNT,AADTGSAVSGS,8,8,11,QVQLQESGGGLVQAGGSLRLSCAAS,MGWFRQAPGKEREGVAA,YYADSVKGRFTISRDNAKNTVYLQMNSLKPEDTAVYYC,WGQGTQVTVSS,anarci_imgt
a4dce0a6-b8bb-425e-93f9-4e310af176ba,GYTYKSYSNYC,IDWGSSPT,AADRAWRYPGSSTNNV,11,8,16,GLVQAGGSLRLSCAAS,MGWFRQAPGKEREGVAT,YYADSVKGRFTISRDNAKNTVYLQMNSLKPEDTAVYYC,WGQGTQVTVSS,anarci_imgt
ec826376-8559-4d25-91c6-05381712736c,,ITANGKTT,AADGVGIYALQ,0,8,11,,GI,YYADSVSRLTISRDNAKNTVYLQMNSLKPEDTAVYYC,WGQGTQVTVSS,anarci_imgt
0c8c5363-07d0-472b-87b6-0351cff237b2,GYTYSTYL,IITDEYCT,AADPTCGLTGSSRAVA,8,8,16,GGSLRLSCAAS,MGWFRQAPGKEREGVAF,YYADSVKGRFTISRDNAKNTVYLQMNSLKPEDTAVYYC,WGQGTQVTVSS,anarci_imgt
ccd713ea-01fb-4a7f-a895-0291ad8a642c,GLTYLTQSTYC,ISRGLSST,AADPLAHGSAR,11,8,11,QVQLQESGGGLVQAGGSLRLSCAAS,MGWFRQAPGKEREGVAA,YYADSVKGRFTISRDNAKNTVYLQMNSLKPEDTAVYYC,WGQGTQVTVSS,anarci_imgt
70f7321e-7472-4c54-9649-af09f7b7444d,GYTTRTYNPKR,IQSGEAST,AADYHSAAPPT,11,8,11,LQESGGGLVQAGGSLRLSCAAS,MGWFRQAPGKEREGVAL,YYADSVKGRFTISRDNAKNTVYLQMNSLKPEDTAVYYC,WGQGTQVTVSS,anarci_imgt
dd60752b-79c1-4aeb-854e-020a916f84bf,EQTISTYA,VSSGGGST,AADERCSGTPY,8,8,11,QVQLQESGGGLVQAGGSLRRVCAAS,MGWFRQAPGKEREGVAA,YYADSVKGRFTISRDNAKNTVYLQMNSLKPEDTAVYYC,WGQGTQVTVSS,anarci_imgt
f83a62a7-d721-484f-a2ab-944bdf7e0331,,,,,,,,,,,unannotated
947f7c2a-394d-40c7-9b5a-e6f5a909082d,GYTHSDYD,SEQAGAGP,QQIRAVHPFVPERYTCCSGADAYNY,8,8,25,VQAGGSLRLSCAAS,MGWFRQAPGKEREVLQQ,DHADSVKGRFTISRDNAKNTVYLQMNSLKPDILAIIIV,WGQGTQVTVSS,anarci_imgt
e274083b-dbd7-45f9-a0ea-284bf6547585,AFTYGTSSTFC,IYTRGAST,AADGAGTHSWLSTRDF,11,8,16,LRLSCAAS,MGWFRQAPGKEREGVAS,YYADSVKGRFTISRDNAKNTVYLQMNSLKPEDTAVYYC,WGQGTQVTVSS,anarci_imgt
ef73963b-d3d9-4dd4-9a8f-4e9c29f77338,,,AADEAHSYSKCKGYRY,0,0,16,,,INGIFTISRDNAKNTVYLQMNSLKPEDTAVYYC,WGQGTQVTVSS,anarci_imgt
92527ce5-6737-49c5-9fd9-d33e2ed5b67c,DFTVGSYE,IRRGWILT,AADGRAACSGW,8,8,11,QVQLQESGGGLVQAGGSLRLSCAAS,MGWFRQAPGKEREGVAH,YYADSVKGRFTISRDNAKNTVYLQMNSLKPEDTAVYYC,WGQGTQVTVSS,anarci_imgt
437d9a14-f501-4504-a082-28e875dd36e4,,IFTGEGYT,AADFSSSLAID,0,8,11,,FRFRQAPGKEREGVAF,YYADSVKGRFTISRDNAKNTVYLQMNSLKPEDTAVYYC,WGQGTQVTVSS,anarci_imgt
ce99e068-e547-40ff-999b-7cd3aedb2406,GVNYGGYA,INLGMDNT,AADFAAGTVRS,8,8,11,QVQLQESGGGSVQAGGSLRLSCAAS,MGWFRQAPGKEREGVAA,YYADSVKGRFTISRDNAKNTVYLQMNSLKPEDTAVYYC,WGQGTQVTVSS,anarci_imgt
4234db7d-ce16-419a-8a2e-54da492a66d4,GYIISSFA,IFSDEGVT,AADYRTAAAGT,8,8,11,QVQLQESGGGLVQAGGSLRLSCAAS,TGWFRQAPGKEREGVAA,YYADSVKGRFTISRDNAKNTVYLQMNSLKPEDTAVYYC,WGQGTQVTVSS,anarci_imgt
d98bf5fa-fdfb-4bee-abaf-65a3d73f3038,GIEFLWYERYV,IYSGGFLT,AADTDARGSPG,11,8,11,VVVQAGGSLRLSCAAS,MGWFRQAPGKEREGVAT,YYADSVKGRFTISRDNAKNTVYLQMNSLKPEDTAVYYC,WGQGTQVTVSS,anarci_imgt
0e48f289-8894-46fd-8278-eb71a1d1f7bd,GYWYNVYRDAV,ISGDACST,AADFAASGVGC,11,8,11,QVQLQESGGGLVQAGGSLRLSCAAS,MGWFRQAPGKEREGVAA,DYADSVKGRFTISRGDNAKNTVYLQMNSLKPEDTAVYYC,WGQGTQVTVSS,anarci_imgt
e97ab3b8-2921-45a2-9ead-accb7daaf968,GYIYHTFSMEP,IISSGGNT,AADAAGGRYTR,11,8,11,QVQLQESGGGLVQAGGSLRLSCAAS,MGWFRQAPGKEREGVAA,YYADSVKGRFTISRDNAKNTVYLQMNSLKPEDTAVYYC,WGQGTQVTVSS,anarci_imgt
bf45a41e-a7e6-45b4-a1b6-a0ceb233d769,GDYYSRISSIV,IETGVYIT,AADWRAVRGPT,11,8,11,QVQLQESGGGLVQAGGSLRLSCAAS,MGWFRQAPGKEREGVAI,YYADSVKGRFTISRDNAKNTVYLQMNSLKPEDTAVYYC,WGQGTQVTVSS,anarci_imgt
3b249f60-7ff6-44f3-bfaf-0cba70534bb0,,IKSGDCST,AADYLAYVGCG,0,8,11,,GTGKEREGVAA,YYSDSVKGRFTISRDNAKNTVYLQMNSLKPEDTAVYYC,WGQGTQVTVSS,anarci_imgt
3b119599-f232-4224-a491-3c7c13b730c2,,,,,,,,,,,unannotated
894b6461-8a4b-47c4-9ec8-118fcdf652be,GYSTSTYVTFA,IESGDNIT,AADESRSLEGQASSGSSCMYSPIYNF,11,8,26,SLRLSCAAS,MGWFRQAPGKEREGVAA,YYADSVKGRFTISRDNAKNTVYLQMNSLKPEDTAVYYC,WGQGTQVTVSS,anarci_imgt
1f9d2c0b-1275-412b-a50b-2bb248304f86,AYQSETAV,IRSADAWT,AADTPGHGVRS,8,8,11,QVQLQESGGGLVQAGGSLRLSCAAS,MGWFRQAPGKEREGVAF,YYADSVKGRFTISRDNAKNTVYLQMNSLKPEDTAVYYC,WGQGTQVTVSS,anarci_imgt
273b7c0d-f95d-4906-baad-fd192df5d846,GITYSTYA,QTGHATT,AADARGAAKGY,8,7,11,QVQLQESGGGLVQAGGSLRLSCAAS,MGWFRQAPGKEREVLAI,YYADSVKGRFTISRDNAKNTVYLQMNSLKPEDTAVYYC,WGQGTQVTVSS,anarci_imgt
53e87f9c-f97a-4021-96bb-a0b469788c13,GYTETSSSSFA,IISGWSYT,AADISRGGHGR,11,8,11,QVQLQESGGGLVQAGGSLRLSCAAS,MGWFRQAPGKEREGVAA,DHADSVKGRFTISRDNAKNTVYLQMNSLKPEDTAVYYC,WGQGTQVTVSS,anarci_imgt
80f7894d-a1c4-455a-8462-26940018f00a,GYQYSRYA,IISGVINT,AADLRSPGGPA,8,8,11,LQESGGGLVQAGGSLRLSCAAS,MGWFRQAPGKKREGVAA,YYADSVKGRFTISRDNAKNTVYLQMNSLKPEDTAVYYC,WGQGTQVTVSS,anarci_imgt
5d2b05ea-b616-49d5-bcc8-1b04ca8779fc,,,,,,,,,,,unannotated
c8985c87-d42a-4557-9bd4-9522cebb94e1,ESTYCSND,IYTGRAGT,AADQAVPDLCWHLGGQHGYSRSVPRY,8,8,26,CAAS,MGWFRQAPGKEREGVAA,YYADSVKGRFTISRDNAKNTVYLQMNSLKPEDTAVYYC,WGQGTQVTVSS,anarci_imgt
ad65f4c1-1f45-4057-b540-e44c8239ebae,GYHYSPFE,ILTGSDVT,AADMGPDASVC,8,8,11,VQLQESGGGLVQAGGSLRLSCAAS,MGWFRQAPGKEREGVAV,YYADSVKGRFTISRDNAKNTVYLQMNSLKPEDTAVYYC,WGQGTQVTVSS,anarci_imgt
1f906034-09c1-4e0b-8703-67ff3e0a868a,GYTYSSYA,ITSAACST,AADPSISAAQY,8,8,11,QVQLQESGGGLVQAGGSLRLSCAAS,MGWFRQAPGKEREGVAH,YYADSVKGRFTISRDNAKVPFIWGYTNSLKPEDTAVYYC,WGQGTQVTVSS,anarci_imgt
12dc7b7d-8456-402a-a376-fc8f080c0354,,VSG,AADTYCQLWSVTYYSF,0,3,16,,,YYADSVKGRFTISRDNAKNTVYLQMNSLKPEDTAVYYC,WGQGTQVTVSS,anarci_imgt
5f785720-ede5-4851-a430-9b81ab85e741,GYTYSSYT,IYSSEGST,AADWVSDAGPG,8,8,11,QVQLQESGGGLVQAGGSLRLSCAAS,MGWFRQAPGKEREGVAT,YYADSVKGRFTISHDNAKNTVYLQMNSLKPEDTAVYYC,WGQGTQVTVSS,anarci_imgt
c5f4827e-ee27-4046-a74d-8ab4725d7d9e,GYSYSTYDFYA,IHSGHGIT,AADGAAGAAKW,11,8,11,QVQLQESGGGLVQAGGSLRLSCAAS,MGWFRQAPGKEREGVAA,YYADSVKGRFTISRDNAKNTVYLQMNSLKPEDTAVYYC,WGQGTQVTVSS,anarci_imgt
b865112a-18b4-4379-9f75-4596160ba6d7,GYSSRTYH,IQSGRGVT,AADGCCACARR,8,8,11,QVQLQESGGGLVQAGGSLRLSCAAS,MGWFRQAPGKEREGVAH,YYADSVKGRFTISRDNAKNTVYLQMNSLKPEDTAVYYC,WGQGTQVTVSS,anarci_imgt
8243741e-f054-45eb-973b-7e770f188322,GYSYSTYL,IKMPDNQT,AADGSAVYGWG,8,8,11,QVQLQESGGGLVQAGGSLRLSCAAS,MGWFRQAPGKEREGVAA,YYADSVKGRFTISRDNAKNTVYLQMNSLKPEDTAVYYC,WGQGTQVTVSS,anarci_imgt
fd0c81e5-4d2c-45b8-9b1f-2c19dbe7c64d,SFRSVPTGW,IYMSANRT,AADWALARRYR,9,8,11,QVQLQESGGGLVQAGGSLRLSCAAS,VGFVRHRVKNVWA,YYADSVKGRFTISRDNAKNTVYLQMNSLKPEDTAVYYC,WGQGTQVTVSS,anarci_imgt
0ec37df4-a9e7-4ddc-8363-5d589f587c08,AYNYSLKSSYV,IKSRDLRT,AADDVVAARRR,11,8,11,QVQLQESGGGLVQAGGSLRLSCAAS,MGWFRQAPGKEREGVAH,YYADSVKGRFTISRDNAKNTVYLQMNSLKPEDTAVYYC,WGQGTQVTVSS,anarci_imgt
260538ae-5c2e-4832-997c-aa6bc51d708e,GFSKPTQSTYA,IDIDESRT,AADGRLGRVWR,11,8,11,QVQLQESGGGLVQAGGSLRLSCAAS,MGWFRQAPGKEREGVAT,YYADSVKGRFTISRDNAKNTVYLQMNSLKPEDTAVYYC,WGQGTQVTVSS,anarci_imgt
d4483bc3-6352-4a2b-bf1a-c015c5397a43,EGTYSTYA,INIRTGST,AADCSRTLYGIWTFCF,8,8,16,QVQLQESGGGLVQAGGSLRLSCAAS,MCWFRQAPGKEREGVAV,YYADSVKGRFTISRDNAKNTVYLQMNSLKPEDTAVYYC,WGQGTQVTVSS,anarci_imgt
fc4e81e7-99f7-489b-ab4c-b84b51a7d16f,GHTYSTYSDYA,IRMMRGMT,AADFPGALVNL,11,8,11,VQAGGSLRLSCAAS,MGWFRQAPGKEREGVAA,YYADSVKGRFTISRDNAKNTVYLQMNSLKPEDTAVYYC,WGQGTQVTVSS,anarci_imgt
889a45d9-43cf-421c-92f4-abcc736cfc67,GYTYSSYV,ISSGFDRT,AADDVGGIGCG,8,8,11,QVQLQESGGGLVQAGGSLRLSCAAS,MGWFRQAPGKEREGVAA,YYADSVKGRFTISRDNAKNTVYLQMNSLKPEDTAVYYC,WGQGTQVTVSS,anarci_imgt
4416176a-e93f-4986-867c-5ca19652bf41,GYNYSRYA,LFTPACRT,AADWRHVGSHL,8,8,11,QVQLQESGGGLVQAGGSLRLSCAAS,MGWFRQAPGKEREGVAI,YYADSVKGRFTISRDNAKNTVYLQMNSRKPEDTAVYYC,WGQGTQVTVSS,anarci_imgt
24a98c33-318d-422b-842a-1710411c614f,AYPYSLQSRYS,IYTGMNRT,AADCVVPCLGR,11,8,11,QVQLQESGGGLVQAGGSLRLSCAAS,MGWFRQAPGKEREGVAS,YYADSVKGRFTISRDNAKNTVYLQMNSLKPEDTAVYYC,WGQGTQVTVSS,anarci_imgt
fb689d47-0d1d-40e5-8f7a-0aeef7aba448,GYTYQTYGTNA,ILRGTNIT,AADLTRSTPLV,11,8,11,QVQLQESGGGLVQAGGSLRLSCAAS,MGWFRQAPGKEREGVAA,YYADSVKGRFTISRDNAKNTVYLQMNSLKPEDTAVYYC,WGQGTQVTVSS,anarci_imgt
460a449c-47b0-4ee7-b997-7b4f76804572,,T,AADRRAGYGPS,0,1,11,,,DYADSVKGRFTISRDNAKNTVYLQMNSLKPEDTAVYYC,WGQGTQVTVSS,anarci_imgt
ad53fdc5-d674-4c89-b879-860eb783e7e8,GYLYRYRS,IYTSGGST,AADTGLVGSSS,8,8,11,QVQLQESGGGLVQAGGSLRLSCAAS,MGWFRQAPGKEREGVAA,YYADSVKGRFTISRDNAKNTVYLQMNSLKPEDTAVYYC,WGQGTQVTVSS,anarci_imgt
241b9aaf-3485-4b75-8177-8efdd0133887,GYHYSSYA,ISFGGQIT,AADFSRGIPVLSGYGY,8,8,16,QVQLQESGGGLVQAGGSLRLSCAAS,MGWFRQSPGKEREGVAF,YYADSVKGRFTISRDNAKNTVYLQMNSLKPEDTAVYYC,WGQGTQVTVSS,anarci_imgt
a665db07-da85-4b13-a26c-b6e2f8ba387f,GVKSRTNA,IISGGIIT,AADYYVTPVAS,8,8,11,QVQLQESGGGLVQAGGSLRLSCAAS,MGWFRQAPGKEREGVAA,YYADSVKGRFTISRDNAKNTVYLQMNSLKPEDTAVYYC,WGQGTQVTVSS,anarci_imgt
b26e0c32-d3c9-4f42-bd6a-b5c43ded6c6f,EYRYSRVA,ITSGRGST,AADFRRAGATS,8,8,11,QVQLQESGGGLVQAGGSLRLSCAAS,MGWFRQAPGKEREGVAA,YYADSVKGRFTISRDNAKNTVYLQMNSLKPEDTAVYYC,WGQGTQVTVSS,anarci_imgt
262fea55-a717-4302-b478-1042542ab1e5,GYTYSRYV,ISFGDVTT,AADGSARSERR,8,8,11,QVQLQESGGGLVQAGGSLRLSCAAS,MGWFRQAPGKNVKGVAG,YYADSVKGRFTISRDNAKNTVYLQMNSLKPEDTAVYYC,WGQGTQVTVSS,anarci_imgt
a9ce4b3a-ab22-4622-b18e-751d6068bc8a,,,,,,,,,,,unannotated
05c15c2c-fcc0-476a-8992-c71481b17f7f,,IGTT,AADMGAGGSQT,0,4,11,,,YYADSVKGRFTISRDNAKNTVYLQMNSLKPEDTAVYYC,WGQGTQVTVSS,anarci_imgt
85f760f7-f1f2-4577-ba0c-b9cf4000995e,GYPLSGYF,INRGGART,AADFSGGWVRRWCYTS,8,8,16,QVQLQESGGGLVQAGGSLRLSCAAS,MGWFRQAPGKEREGVAT,YYADSVKGRFTISRDNAKNTVYLQMNSLKPEDTAVYYC,WGQGTQVTVSS,anarci_imgt
47fff258-6ce5-45f7-a67c-54a438d3751c,EYKYGPLSTMT,ISSGGAMT,AADWVARGANP,11,8,11,QVQLQESGGGLVQAGGSLRLSCAAS,MGWFRQAPGKEREGVAA,YYADSVKGRFTISRDNAKNTVYLQMNSLKPEDTAVYYC,WGQGTQVTVSS,anarci_imgt
f54d158f-756d-4c8b-ad72-695a6d975e0c,GGVNERTA,IKGGVANT,AADLASVAVSG,8,8,11,QVQLQESGGGLVQAGGSLRLSCAAS,MGWFRQAPGKEREGVAR,YYADSVKGRFTISRDNAKNTVYLQMNSLKPEDTAVYYC,WGQGTQVTVSS,anarci_imgt
cef65b10-fd03-464b-a26a-0d5b2de0d98c,GLYYSNYSTNE,VYSGGGIT,AADARHSFLLSVPGAPYGLSSGGFRY,11,8,26,VQAGGSLRLSCAAS,MGWFRQAPGKEREGVAT,YYADSVKGRFTISRDNAKNTVYLQMNSLKPEDTAVYYC,WGQGTQVTVSS,anarci_imgt
db8c3e8a-6217-46ae-a729-a9a2d36c04a5,,,,,,,,,,,unannotated
cac38601-4802-44d3-9f95-95eea9dce43f,GYYYGSNA,INRGGSST,AADYSISAAQY,8,8,11,QVQLQESGGGLVQAGGSLRLSCAAS,MGWFRQAPGKEREGVAR,YYADSVKGRFTISRDNAKNTVYLQMNSLKPEDTAVYYC,WGQGTQVTVSS,anarci_imgt
42b9af60-97c4-4355-b15e-5be00c2d2739,WYYFSVAV,IYTDVGTT,AADLGVPAAPQ,8,8,11,QVQLQESGGGLVQAGGSLRLSCAAS,MGWFRQAPGKEREGVAA,YYADSVKGRFTISRDNAKNTVYLQMNSLKPEDTAVYYC,WGQGTQVTVSS,anarci_imgt
3ba7dcec-e48d-4fb5-ae69-be27b3e3dbbe,VSHIWTAC,IDLDEQVT,AADKGRSLSTSPDADY,8,8,16,QVQLQESGGGLVQAGGSLRLSCAAS,MGWFRQYGKEREGVAT,YYADSVKGRFTISRDNAKNTVYLQMNSLKPEDTAVYYC,WGQGTQVTVSS,anarci_imgt
0341be10-6416-4a88-920f-708a0914cc1c,GGFYSNYV,IDRGEGRT,AADFYHRGVAW,8,8,11,QAVACLRLSCAAS,MGWFRQAPGKEREGVAS,YYADSVKGRFTISRDNAKNTVYLQMNSLKPEDTAVYYC,WGQGTQVTVSS,anarci_imgt
a11f70b7-fb0e-4c95-8785-8beb4127bae5,GYPAVSYP,ITSGRVMT,AADYAGRGGHR,8,8,11,QVQLQESGGGLVQAGGSLRLSCAAS,MGWFRQAPGKEREGVAT,YYADSVKGRFTISRDNAKNTVYLQMNSLKPEDTAVYYC,WGQGTQVTVSS,anarci_imgt
c2aa6940-6293-402e-8484-13e037633fb7,EYSYSSNA,IDAGEVTT,AADYEGGRGT,8,8,10,QVQLQESGGGLVQAGGSLRLSCAAS,MGWFRQAPGKEREGVAA,YYADSVKGRFTISRVVKLSKNTVYLQMNSLKPEDTAVYYC,WGQGTQVTVSS,anarci_imgt
3197aaaf-3cad-4157-b63c-e2894a9e254d,GYTYSREC,IETGEART,AADYVSLPRWYTGYGY,8,8,16,QVQLQESGGGLVQAGGSLRLSCAAS,MGWFRQAPGKEREGVAT,YYADSVKGRFTISRDNAKNTVYLQMNSLKPEDTAVYYC,WGQGTQVTVSS,anarci_imgt
9696ca3d-ae10-4b13-bbd8-191143f632bc,,,,,,,,,,,unannotated
aa940f84-2942-4064-a24f-18fb3f08bfb7,FSIKMRFPSTI,INMPVSRT,AADDVRGCCPY,11,8,11,,MGWFRQAPGKEREGVAT,YYADSVKGRFTISRDNAKNTVYLQMNSLKPEDTAVYYC,WGQGTQVTVSS,anarci_imgt
e97a936e-aaff-403f-b9c9-15c939bcce78,GYTYPTYSTYE,IYSPVSRT,AADGSIGTERT,11,8,11,QVQLQESGGGLVQAGGSLRLSCAAS,MGWFRQAPGKEREGVAA,YYADSVKGRFTISRDNAKNTVYLQMNSLKPEDTAVYYC,WGQGTQVTVSS,anarci_imgt
83c3f2f3-36ee-4140-ae28-8e50cce1ab23,GYTYRSYC,ISMGSGTT,AADPASRCLPA,8,8,11,QVQLQESGGGLVQAGGSLRLSCAAS,MGWFRQAPGKEREGVAT,YYADSVKGRFTISRDNAKNTVYLQMNSLKPEDTAVYYC,WGQGTQVTVSS,anarci_imgt
1ad1d4ba-8915-41db-81e6-613fd45a3ba1,GFGQAMYGW,ISGGDYVT,AADWRTGRGVT,9,8,11,QVQLQESGGGLVQAGGSLCLSCAAS,VGFVRHRVKKREGVAA,YYADSVKGRFTISRDNAKNTVYLQMNSLKPEDTAVYYC,WGQGTQVTVSS,anarci_imgt
ccc8bef3-c708-4714-912d-5830677ce197,GYTYSRNA,ICSGTYVT,AADGYGVRRSW,8,8,11,QVQLQESGGGLVQAGGSLRLSCAAS,MGWFRQAPGKEREGVAA,YYADSVKGRFTISRDNAKNTVYLQMNSLKPEDTAVYYC,WGQGTQVTVSS,anarci_imgt
4ce11d92-8143-46e7-a833-a3ecbcf8fdeb,GYHISTAA,VLTGSGST,AGISRQLTPR,8,8,10,QVQLQESGGGLVQAGGSLRLSCAAS,MGWFRQAPGKEREGVAT,HHGQSVKGRFTISRDNAKNTVYLQMNSLKPEDTAVYYC,WGQGTQVTVSS,anarci_imgt
c17f9131-e73c-46fc-9b83-0e800ead0218,GFYYSTYG,INMGVYPT,AADFSAASASG,8,8,11,QVQLQESGGGVVQAGGSLRLSCAAS,MGWFRQAPGKEREGVAA,YYADSVKGRFTISRDNAKNTVYLQMNSLKPEDTAVYYC,WGQGTQVTVSS,anarci_imgt
ecc6ffaa-cd0e-4614-b245-3662af2a10d7,GVSYDRHS,IYMRHCIT,AADYRVGVRAC,8,8,11,QVQLQESGGGLVQAGGSLRLSRAAS,MGWFRQAPGKEREGVAV,YYADSVKGRFTISRDNAKNTVYLQMNSLKPEDTAVYYC,WGQGTQVTVSS,anarci_imgt
62b02eed-cb20-4e16-954c-68f2a53170c5,GYTSSDFA,ISTGGGTT,AADICRDYHCGWRSGARAWGESDWGY,8,8,26,VQLQESGGGLVQAGGSLRLSCAAS,MGWFRQAPGKEREGVAA,YYADSVKGRFTISRDNAKNTVYLQMNSLKPEDTAVYYC,WGQGTQVTVSS,anarci_imgt
87e4e1f0-0670-4fc5-b4be-1fa76b10d41a,GFTSSSFA,IKTGSSST,AADEPAGTAPR,8,8,11,EVQLQESGGGLVQAGGSLRLSCAAS,MGWFRQAPGKEREGVAC,YYADSVKGRFTISRDNAKNTVYLQMNSLKPEDTAVYYC,WGQGTQVTVSS,anarci_imgt
ce9df5a6-9397-455b-adb2-997c0e38c270,GYIYSTYG,ITYGDNLT,AADNGTSGSILKILKY,8,8,16,SGGGLVQAGGSLRLSCAAS,MGWFRQAPGKEREGVAA,YYADSVKGRFTISRDNAKNTVYLQMNSLKPEDTAVYYC,WGQGTQVTVSS,anarci_imgt
8737e71f-7b20-4560-89d8-8831f8b03f79,GYELSNDV,ISIFDAST,AADGVGTAAIG,8,8,11,VQAGGSLRLSCAAS,MGWFRQAPGKEREGVES,YYADSVKGRFTISRDNAKNTVYLQMNSLKPEDTAVYYC,WGQGTQVTVSS,anarci_imgt
e38f51e3-d500-4f16-9745-13d04ad803b6,GYTSGSYA,IQTGESGT,AADWAHCAAGR,8,8,11,QVQLQESGGGLVQAGGSLRLRCAAS,MGWFRQAPGKEREGVAA,YYADSVKGRFTISRDNAKNTVYLQMNSLKPEDTAVYYC,WGQGTQVTVSS,anarci_imgt
c9ab549a-590d-4759-880f-867d0fb55edc,GYTKSPYS,IKTGAITT,AADYCCGREGV,8,8,11,QVQLQESGGGLVQAGGSLRLSCAAS,MGWFRQAPGKEREGVAA,YYADSVKGRFTISRDNAKNTVYLQMNSLKPEDTAVYYC,WGQGTQVTVSS,anarci_imgt
cc9e2429-a099-4542-a7ea-4c197470ae79,GYLQSDFS,IRASWIMT,AADFVGVEDCE,8,8,11,QVQLQESGGGLVQAGGSLRLSCAAS,MGWFRQAPGKEREGVAA,YYADSVKGRFTISRDNAKNTVYLQMNSLKPEDTAVYYC,WGQGTQVTVSS,anarci_imgt
8e1b6416-072a-4f6a-8ebf-24c3d231f930,GYDYRRYA,IESGGIST,AADYALAPARW,8,8,11,LQESGGGLVQAGGSLRLSCAAS,MGWFRQAPGKEREGVAV,YYADSVKGRFTISRDNAKNTVYLQMNSLKPEDTAVYYC,WGQGTQVTVSS,anarci_imgt
81790420-edc0-4d72-b7bd-fbe938881c46,GDNYDMSSDAT,IYTGGMFT,AADGVVAGAAG,11,8,11,QVQLQESGGGLVQAGGSLRLSCAAS,MGWFRQAPGKEREGVAV,YYADSVKGRFTISRDNAKNTVYLQMNSHEDTAVYYC,WGQGTQVTVSS,anarci_imgt
41216be9-e559-4c9d-8b54-46115b2a2b1d,GYTNSKFV,IFTSSGET,AADGAALGGIL,8,8,11,QVQLQESGGGLVQAGGSLRLSCAAS,MGWFRQAPGKEREGVAR,YYADSVKGRFTISRDNAKNTVYLQMNSLKPEDTAVYYC,WGQGTQVTVSS,anarci_imgt
09d15d8b-6ed4-4387-b5da-eadad2410adf,GYTYRRHESNL,LSHGDNWT,AADLRCGREGV,11,8,11,RFELQESGGGLVQAGGSLRLSCAAS,MGWFRQAPGKEREGVAA,DHADSVKGRFTISRDNAKNTVYLQMNSLKPEDTAVYYC,WGQGTQVTVSS,anarci_imgt
c8f4a703-b648-42d7-b11c-d9fa0963f395,GYTYEDNV,IKSGRMST,AADWGGVYRPR,8,8,11,VGLVQAGGSLRLSCAAS,MGWFRQAPGKEREGVAA,YYADSVKGRFTISRDNAKNTVYLQMNSLKPEDTAVYYC,WGQGTQVTVSS,anarci_imgt
4d9acbc0-128d-4cb4-b76d-9a016d26b673,,ICSSDITT,AADACCGRSRY,0,8,11,,,YYADSVKGRFTISRDNAKNTVYLQMNSLKPEDTAVYYC,WGQGTQVTVSS,anarci_imgt
1d7ce291-293c-422f-838f-aef46a30d5fd,GYHESTYRREC,VGSMEDVT,AADGSYPGAIR,11,8,11,QAGGSLRLSCAAS,MGWFRQAPGKEREGVAA,YYADSVKGRFTISRDNAKNTVYLQMNSLKPEDTAVYYC,WGQGTQVTVSS,anarci_imgt
d7d45f17-1fed-43ff-abd2-3dbce506f8e0,EYTYSSER,IYTGGITT,AADGPSGGSSS,8,8,11,QVQLQESGGGLVQAGGSLRLSCAAS,MGWFRQAPGKEREGVAA,YYADSVKGRFTISRDNAKNTVYLQMNSLKPEDTAVYYC,WGQGTQVTVSS,anarci_imgt
0a00145f-e60c-433d-bb07-9124521f9648,GFLSCTYS,ISMSGGVT,AADGPAYKMAWIFYNY,8,8,16,QVQLQESGGGLVQAGGSLRLSCAAS,MGWFRQAPGKEREGVAR,YYADSVKGRFTISRDNAKNTVYLQMNSLKPEDTAVYYC,WGQGTQVTVSS,anarci_imgt
7effa003-0a59-4ca6-b65a-51ee96dc7e5b,GGSFRVVV,IKIGEMGT,AADYRRTYPSR,8,8,11,VQAGGSLRLSCAAS,MGWFRQAPGKEREGVAH,YYADSVKGRFTISRDNAKNTVYLQMNSLKPEDTAVYYC,WGQGTQVTVSS,anarci_imgt
37ea97ca-82b5-4bab-b168-db850ee5a666,GGNYHTYSSNN,INRGEGVT,AADYGCVAATD,11,8,11,LVQAGGSLRLSCAAS,MGWFRQAPGKEREGVAA,YYADSVKGRFTISRDNAKNTVYLQMNSLKPEDTAVYYC,WGQGTQVTVSS,anarci_imgt
292277b1-9c89-4238-be49-7c100b754ff7,GYCSSRYG,ITSGTDLT,AADYSISRRRD,8,8,11,QVQLQESGGGLVQAGGSLRLSCAAS,MGWFRQAPGKEREGVAA,YYADSVKGRFTISRDNAKNTVYLQMNSLKPEDTAVYYC,WGQGTQVTVSS,anarci_imgt
91537457-fbf7-4fd8-8f8d-1c85a6eba581,,ITANGKTT,AADFRHGSVIC,0,8,11,,GI,YYADSVKGRFTISRDNAKNTVYLQMNSLKTEDTAVYYC,WGQGTQVTVSS,anarci_imgt
0b1e05a3-5d1a-4c3f-a529-47b80b177ad7,GYTSNRYV,IISGDIIT,AADAAVAAEKG,8,8,11,QVQLQESGGGLVQAGGSLRLSCAAS,MGWFRQAPGKEREGVAL,YYADSVKGRFTISRDNAKNTVYLQMNSLKPEDTAVYYC,WGQGTQVTVSS,anarci_imgt
b46bb0eb-5b3b-44a6-a665-6da57e55e317,GYTWLPYGSYC,IGSGGIST,AADFGGAVARP,11,8,11,VQAGGSLRLSCAAS,MGWFRQAPGKEREGVAA,YYADSVKGRFTISRDNAKNTVYLQMNSLKPEDTAVYYC,WGQGTQVTVSS,anarci_imgt
b7c31e0c-bc8a-44cf-a379-0f3fe7d72152,,,,,,,,,,,unannotated
645fe758-e066-4229-a751-08ba6adcc6d0,DIGYSRYA,IYSGWSVT,AADAAVSGVRD,8,8,11,QVQLQESGGGLVQAGGSLRLSCAAS,MGWFRQAPGKEREGVAH,YYADSVKGRFTISRDNAKNTVYLQMNSLKPEDTAVYYC,WGQGTQVTVSS,anarci_imgt
3c0e5106-9287-4923-b540-6dfa621ed18c,,,AADWSSSCKGSLPRNY,0,0,16,,,NGIFTISRDNAKNTVYLQMNSLKPEDTAVYYC,WGQGTQVTVSS,anarci_imgt
72f027cd-2427-4fd2-9068-293231b3fd01,GYPYSSKA,INRGESST,AADMYIGEAGAAGEKF,8,8,16,QVQLQESGGGLVQAGGSLRLSCAAS,MGWFRQAPGKEREGVAV,YYADSVKGRFTISRDNAKNTVYLQMNSLKPEDTAVYYC,WGQGTQVTVSS,anarci_imgt
2daf41aa-604a-4a67-b300-eda004b3a0ae,GYTYEIYSTER,INRMRHST,AADMSADAVPG,11,8,11,QVQLQESGGGLVQAGGSLRLSCAAS,MGWFRQAPGKEREGVAR,YYADSVKGRFTISRDNAKNTVYLQMNSLKPEDTAVYYC,WGQGTQVTVSS,anarci_imgt
b254adad-e7f8-48bb-a250-08ef8ca35173,GYFYSSYD,IYSGGGST,AADCRPACSYR,8,8,11,QESGGGIVQAGGSLRDCAAS,MGWFRQAPGKEREGVAR,YYADSVKGRFTISRDNAKNTVYLQMNSLKPEDTAVYYC,WGQGTQVTVSS,anarci_imgt
181a9c0a-8cde-4911-9e53-95b68f2677ce,GYTSRSHY,IQTGIGAT,AADTAPSIAWP,8,8,11,QVQLQESGGGLVQAGGSLRLSCAAS,MGWFRQAPGKEREGVAR,YYADSVKGRFTISRDNAKNTVYLQMNSLKPEDTAVYYC,WGQGTQVTVSS,anarci_imgt
4e6e2a19-cbec-4fcb-9af6-5c5358525979,GYTEWTYSTEV,IKSGKGST,AADPRCSGTPY,11,8,11,QVQLQESGGGLVQAGGSLRLSCAAS,MGWFRQAPGKEREGVAA,YYADSVKGRFTISRDNAKNTVYLQMNSLKPEDTAVYYC,WGQGTQVTVSS,anarci_imgt
7544b304-f111-40ca-af3f-e038d3f40ad8,EYRRSYTSTFA,IYSGGTLT,AADMRSVGARD,11,8,11,QVQLQESGGGLVQAGGSLRLSCAAS,MGWFRQAPGKEREGVAI,YYADSVKGRFTISRDNAKNTVYLQMNSLKPEDTAVYYC,WGQGTQVTVSS,anarci_imgt
ed2ef6ff-578d-4d73-9b47-c9f09ec5e989,GYDYSSYSNME,IYSGTNCT,AADYPHAASTY,11,8,11,QVQLQESGGGLVQAGGSLRLSCAAS,MGWFRQAPGKEREGVAR,YYADSVKGRFTISRDNAKNTVYLQMNSLKPEDTAVYYC,WGQGTQVTVSS,anarci_imgt
e3c6fcbb-e1d9-421c-b4ad-4e3d2bfb0587,EAKSRSFG,ISSGADLT,AADTAYSESRR,8,8,11,QVQLQESGGGLVQAGGSLRLSCAAS,MGWFRQAPGKEREGVAT,YYADSVKGRFTISRDNAKNTVYLQMNSLKPEDTAVYYC,WGQGTQVTVSS,anarci_imgt
3f3d3a76-090e-4aa8-96d9-3da21ee95957,GYRYRTSSPYC,ILRGMCIT,AADARHVAVLS,11,8,11,VQAGGSLRLSCAAS,MGWFRQAPGKEREGVAF,YYADSVKGRFTISRDNAKNTVYLQMNSLKPEDTAVYYC,WGQGTQVTVSS,anarci_imgt
244440f0-9e3b-4582-a83f-7de3d00500a4,GYTYSNMA,IYTRFNAT,AADKAGRASCD,8,8,11,QVQLQESGGGLVQAGGSLRLSCAAS,MGWFRQAPGKEREGVAT,YYADSVKGRFTISRDNAKNTVYLQMNSLKPEDTAVYYC,WGQGTQVTVSS,anarci_imgt
ecca5951-c7b8-4396-a2e1-8cc68bf13d63,GGTKSTAV,IYRDRGGT,AADRSPGLSPLIPWKW,8,8,16,SLRLSCAAS,MGWFRQAPGKEREGVAG,YYADSVKGRFTISRDNAKNTVYLQMNSLKPEDTAVYYC,WGQGTQVTVSS,anarci_imgt
c2461d65-b349-4ced-8bc9-6e8ef779c8fb,GGYYSSAA,IFCRRHTT,AADWGRDVLGGSATTP,8,8,16,QVQLQESGGGLVQAGGSLRLSCAAS,MGWFRQAPGKEREGVAA,YYADSVKGRFTISRDNAKNTVYLQMNSLKPEDTAVYYC,WGQGTQVTVSS,anarci_imgt
9796c488-9ac5-4c7d-853f-57446afca55c,EYTGVTIA,IYTPDIVT,AADKAEAACTW,8,8,11,QVQLQESGGGIRQAGGSLRLSCAAS,MGWFRQAPGKEREGVAA,YYADSVKGRFTISRDNAKNTVYLQIDHLKPEDTAVYYC,WGQGTQVTVSS,anarci_imgt
a0b6f5b3-4842-4884-96dd-3d8de733350a,GYNKSTRE,ISSFGNLT,AADTSRTVCGR,8,8,11,QVQLQESGGGLVQAGGSLRLSCAAS,WGWFRQAPGKEREGVAT,YYADSVKGRFTISRDNAKNTVYLQMNSLKPEDTAVYYC,WGQGTQVTVSS,anarci_imgt
076990cb-f690-4cd6-859e-89f272f7e93b,GYTYGMYRSAV,ISVGAQST,AADFIQWSSGATGFNQ,11,8,16,QVQLQESGGGLVQAGGSLRLSCAAS,MGWFRQAPGKEREGIAY,YYADSVKGRFTISRDNAKNTVYLQMNSLKPEDTAVYYC,WGQGTQVTVSS,anarci_imgt
a2953365-ddc5-48b3-978f-13059d8f01b3,GYPSSTVS,INRGEGYT,AADEGARVART,8,8,11,VQLQESGGGLVQAGGSLRLSCAAS,MGWFRQAPGKEREGVAA,DYADSVKGRFTISRDNAKNTVYLQMNSLKPEDTAVYYC,WGQGTQVTVSS,anarci_imgt
762cd4e2-d7d8-46e0-b647-9545fbcf66ef,GYPSSTVS,INRGEGYT,AADEGARVART,8,8,11,VQLQESGGGLVQAGGSLRLSCAAS,MGWFRQAPGKEREGVAA,YYADSVKGRFTISRDNAKNTVYLQMNSLKPEDTAVYYC,WGQGTQVTVSS,anarci_imgt
f0b463fe-e2a5-4ff3-9a94-5e22561e6f62,,IESGSART,AADWSRAAYHA,0,8,11,,YGWFRQAPGKEREGVAT,YYADSVKGRFTISRDNAKNTVYLQMNSLKPEDTAVYYC,WGQGTQVTVSS,anarci_imgt
43e311fe-6e56-49c2-83d6-7ecd8e615206,GYTSSNNA,ISMDARTT,AADIEAVVVQT,8,8,11,QVQLQESGGGLVQAGGSLRLSCAAS,MGWFCQAPGKEREGVAV,YYADSVKGRFTISRDNAKNTVYLQMNSLKPEDTAVYYC,WGQGTQVTVSS,anarci_imgt
edec739c-5604-4225-a0f2-b86125b376ba,GYTYARYI,ISSDFITT,AADYTPSSEPR,8,8,11,LQESGGGLVQAGGSLRLSCAAS,MGWFRQAPGKEREGVAV,YYADSVKGRFTISRDNAKNTVYLQMNSLKPEDTAVYYC,WGQGTQVTVSS,anarci_imgt
15a88950-4e05-4ce6-b0fe-78a99ce43722,,,,,,,,,,,unannotated
d220a395-e980-43cb-b6e6-9ce0459acfde,AYTVSARPTNA,IIVSDAST,AADGTEAGEAY,11,8,11,QVQLQESGGGLVQAGGSLRLSCAAS,MGWFRQAPGKEREGVAA,YYADSVKGRFTISRDNAKNTVYLQMNSLKPEDTAVYYC,WGQGTQVTVSS,anarci_imgt
9a61612d-9f8e-4d3d-b5f2-19cd4d91a279,DLVYRWFSTEV,ITSGMNIT,AADMLTGCGCC,11,8,11,QVQLQESGGGLVQAGGSLRLSCAAS,MGWFRQAPGKEREGVAS,DYADSVKGRFTISRDNAKNTVYLQMNSLKPEDTAVYYC,WGQGTQVTVSS,anarci_imgt
26c95f63-5499-4cf4-b401-e7b1a7bb87ce,GGTIRMHA,IKTGGSCT,AADIRLECIDWSDFGY,8,8,16,QVQLQESGGGLVQAGGSLRLSCAAS,MGWFRQAPGKEREGVAV,YYADSVKGRFTISRDNAKNTVYLQMNSLKPEDTAVYYC,WGQGTQVTVSS,anarci_imgt
2bb751d3-e5b2-4747-bbb3-9b4d18a4a310,GATFSRAV,LYTGADIT,AADTSGILHSR,8,8,11,QVQLQESGGGLVQAGGSLRLSCAAS,MGWFRQAPGKEREGVAA,YYADSVKGRFTISRDNAKNTVYLQMNSLKPEDTAVYYC,WGQGTQVTVSS,anarci_imgt
e12461e8-536c-4edb-b127-4827b38680f7,GFNYSDAA,IYSSEDIT,AADWSDEGGCQ,8,8,11,LQESGGGLVQAGGSLRLSCAAS,MGWFRQAPGKEREGVAG,YYADSVKGRFTISRDNAKNTVYLQMNSLKPEDTAVYYC,WGQGTQVTVSS,anarci_imgt
27abf991-cc22-44cd-907c-29352fdf0a06,GIPYDRYA,IDMGGSST,AADRAVGGGTD,8,8,11,LQESGGGLVQAGGSLRLSCAAS,MGWFRQAPGKEREGVAA,YYADSVKGRFTISRDNAKNTVYLQMNSLKPEDTAVYYC,WGQGTQVTVSS,anarci_imgt
9266d650-82a9-4d9d-ab80-58065411f9de,,,,,,,,,,,unannotated
ea0a1044-3858-47eb-95af-81d0dae51df6,EYHQSHTA,IYTPGDLGRT,AADGVAGASAG,8,10,11,QVQLQESGGGLVQAGGSLRLSCAAS,MGWFRQAPGKEREGVAA,YYADSVKGRFTISRDNAKNTVYLQMNSLKPEDTAVYYC,WGQGTQVTVSS,anarci_imgt
246a7340-993c-452e-99a0-e53f2c7ec9d6,AYQYSSYP,ILSGTRST,AADSSSGIRRC,8,8,11,QVQLQESGGGLVQAGGSLRLSCAAS,MGWFRQAPGKEREGVAH,YYADSVKGRFTISRDNAKNTVYLQMNSLKPEDTAVYYC,WGQGTQVTVSS,anarci_imgt
205d8088-6bcc-44db-85c9-83722fda974d,FQSSTYI,ICTRDFAT,AADYACGYPETGCFNY,7,8,16,,MGWFRQAPGKEREGVAA,YYADSVKGRFTISRDNAKNTVYLQMNSLKPEDTAVYYC,WGQGTQVTVSS,anarci_imgt
57936d8d-616c-4102-bed3-c1ee55ed2282,EYTYSSAT,IRAGGLIT,AADATPRNAPSYSYTY,8,8,16,VQLQESGGGLVQAGGSLRLSCAAS,MGWFRQAPGKEREGVAT,YYADSVKGRFTISRDNAKNTVYLQMNSLKPEDTAVYYC,WGQGTQVTVSS,anarci_imgt
a336bd9e-07ba-4827-90c9-6e1afb3b74ae,GGRYSTYA,INAFEHTT,AADWDRWLSSRSECEY,8,8,16,QVQLQESGGGLVQAGGSLRLSRAVS,MGWFRQAPGKEREGVAS,YYADSVKGRFTISRDNAKNTVYLQMNSLKPEDTAVYYC,WGQGTQVTVSS,anarci_imgt
544d9934-04c5-4545-8898-27842fa5ee61,,,AADLVNRMGGCSATGT,0,0,16,,,GIFTISRDNAKNTVYLQMNSLKPEDTAVYYC,WGQGTQVTVSS,anarci_imgt
e7eb6d09-66e0-4830-b638-91119ba44239,GYTQSTYA,INIGDIAT,AADYCGPEGSG,8,8,11,,MGWFRQAPGKEREGVAA,YYADSVKGRFTISRDNAKNTVYLQMNSLKPEDTAVYYC,WGQGTQVTVSS,anarci_imgt
038a153f-c1db-4fc0-8742-e9338190834e,GYTYSTAA,INNRGSTT,AADLTLRDYCAADESRGVAAY,8,8,21,SGSLRLSCAAS,MGWFRQAPGKEREGVAT,YYADSVKGRFTISRDNAKNTVYLQMNSLKPEDTAVYYC,WGQGTQVTVSS,anarci_imgt
d4ff4f85-c85d-489d-b978-b4bcc17ed082,GYHYPIGGSYV,IISGCGST,AADVRGGASDVSGQRP,11,8,16,GGSLRLSCAAS,MGWFRQAPGKEREGVAA,YYADSVKGRFAISRDNAKNTVYLQMNSLKPEDTAVYYC,WGQGTQVTVSS,anarci_imgt
2442059e-95e9-41bf-a4ee-087d5e0e6983,EQTSSVYY,LNARWNRT,AADKSSRASTT,8,8,11,QVQLQESGGGLVQAGGSLRLSCAAS,MGWFRQAPGKEREGVAA,YYADSVKGRFTISRDNAKNTVYLQMNSLKPEDTAVYYC,WGQGTQVTVSS,anarci_imgt
b43101fa-b50e-4dc4-9aee-da8c9877e5d8,GYEVSTDRPNL,IFSGGGNT,AADMSATAWIVSCYKT,11,8,16,GLVQAGGSLRLSCAAS,MGWFRQAPGKEREGVAV,YYADSVKGRFTISRDNAKNTVYLQMNSLKPEDTAVYYC,WGQGTQVTVSS,anarci_imgt
94c5e2e8-9b90-408c-bf25-3845f9f55035,DYTYDRHI,INCGFYNT,AADMYVAGSAG,8,8,11,QAVSLRLSCAAS,MGWFRQAPGKEREGVAV,YYADSVKGRFTISRDNAKNTVYLQMNSLKPEDTAVYYC,WGQGTQVTVSS,anarci_imgt
0be6f005-5b31-4ed5-9d8e-d548c7162e84,GYSTSTYESAV,ISSPDNKT,AADYGRYSRRQ,11,8,11,QVQLQESGGGLVQAGGSLRLSCAAS,MGWFRQAPGKEREGVAT,YYADSVKGRFTISRDNAKNTVYLQMNSLKPEDTAVYYC,WGQGTQVTVSS,anarci_imgt
14d01253-8583-4b4b-8076-575fe60eb6af,GYIQSRKN,IHAMSCNT,AADWPRCAPCR,8,8,11,QVQLQESGGGSVQAGGSLRLSCAAS,MGWFRQAPGKEREGVAI,YYADSVKGRFTISRDNAKNTVYLQMNSLKPEDTAVYYC,WGQGTQVTVSS,anarci_imgt
03c7dca3-52e4-4d99-98ef-fd3438ac49b7,GYDLSRNV,IHSGDCTT,AADTVVDAYLC,8,8,11,VVYQAGGSLRLSCAAS,MGWFRQAPGKEREGVAA,YYADSVKGRFTISRDNAKNTVYLQMNSLKPEDTAVYYC,WGQGTQVTVSS,anarci_imgt
be112165-6121-4f95-89a8-dabe31dd572a,,,,,,,,,,,unannotated
f954d799-2810-42ea-b26f-1acdc322ddef,AFTGSSFT,INRGHRTT,AADEGHGALGYSEPGY,8,8,16,SGGGLVQAGGSLRLSCAAS,MGWFRQAPGKEREGVAA,YYADSVKGRFTISRDNAKNTVYLQMNSLKPEDTAVYYC,WGQGTQVTVSS,anarci_imgt
68e48143-4443-4e52-a7ed-d08b9855907c,GYPYRSFS,INMGGCTT,AADIACAVSRS,8,8,11,QVQLQESGGGLVQAGGSLRLSCAAS,MGWFRQAPGKEEREGVAA,YYADSVKGRFTISRDNAKNTVYLQMNSLKPEDTAVYYC,WGQGTQVTVSS,anarci_imgt
622052e9-b0b6-4b95-bb5e-4c80720f18c1,GYRFSRYG,IKTGSSST,AADGSAVYGWG,8,8,11,QVQLQESGGGLVQAGGSLRLSCAAS,MGWFRQAPGKEREGVAC,YYADSVKGRFTISRDNAKNTVYLQMNSLKPEDTAVYYC,WGQGTQVTVSS,anarci_imgt
0cceffd4-f860-4b6b-b48f-83deef8e55f1,GAQYNRYG,INNMDCTT,AADPGGYIMRTMIVTY,8,8,16,GLVQAGGSLRLSCAAS,MGWFRQAPGKEREGVAA,YYADSVKGRFTISRDNAKNTVYLQMNSLKPEDTAVYYC,WGQGTQVTVSS,anarci_imgt
7cde33b1-f18a-4a23-8afe-79b1919f98a1,GYTYSTYV,ITSDVGTT,AADPGGYTCLTLFGSLWASKLVLLGY,8,8,26,RLSCAAS,MGWFRQAPGKEREGVAR,YYADSVKGRFTISRDNAKNTVYLQMNSLKPEDTAVYYC,WGQGTQVTVSS,anarci_imgt
4e69f6bc-eae7-47b3-9558-1d76264f7be1,AFTYVSFGPYA,ISSPRVKT,AADGIAGRGGV,11,8,11,LVQAGGSLRLSCAAS,MGWFRQAPGKEREGVAF,YYADSVKGRFTISRDNAKNTVYLQMNSLKPEDTAVYYC,WGQGTQVTVSS,anarci_imgt
80261136-7429-453d-9f0b-55617985fecd,GYTYSTKWVIE,INAGVLTT,AADLGGISIAA,11,8,11,QVQLQESGGGLVQAGGSLRLSCAAS,MGWFRQAPGKEREGVAA,YYADSVKGRFTISRDNAKNTVYLQMNSLKPEDTAVYYC,WGQGTQVTVSS,anarci_imgt
c18ad7da-73fd-43d9-939e-6efa7e111be9,GVSYSDYA,ISTGGTNT,AADWSCRRGHC,8,8,11,QVQLQESGGGLVQAGGSLRLSCAAS,MGWFRQAPGKEREGVAA,YYADSVKGRFTISRDNAKNTVYLQMNSLKPEDTAVYYC,WGQGTQVTVSS,anarci_imgt
b1f5086f-ee1f-404c-aa11-6ed072ec4ad2,GYGYRTSSRYA,IDMRKGIT,AADGPAGSVRS,11,8,11,QVQLQESGGGLVQAGGSLRLSCAAS,MGWFRQAPGKEREGVAG,YYADSVKGRFTISRDNAKNTVYLQMNSLKPEDTAVYYC,WGQGTQVTVSS,anarci_imgt
b7fbea56-8645-487c-b2a4-b359ea34652c,,INCGTSGFQT,AADRGVCGGQG,0,10,11,,I,YYADSVKGRFTISRDNAKNTVYLQMNSLKPEDTAVYYC,WGQGTQVTVSS,anarci_imgt
ce19cce4-95d8-441f-abf4-3fe5196cde23,GFSYSRKA,INAGGGTT,AADQGVTARHQ,8,8,11,VQAGGSLRLSCAAS,MGWFRQAPGKEREGVAA,YYADSVKGRFTISRDNAKNTVYLQMNSLKPEDTAVYYC,WGQGTQVTVSS,anarci_imgt
16d86cb3-d34a-4024-978a-9b9489a65e57,SYTYSNYI,INRGAIST,AADRTVASCAS,8,8,11,QVQLQESGGGLVQAGGSLRLSCAAS,MGWFRQAPGKEREGVAV,YYADSVKGRFTISRDNAKNTLYLQMNSLKPEDTAVYYC,WGQGTQVTVSS,anarci_imgt
d0f76972-2cf7-4bf2-928a-6cbade1d009e,GYTYSTNL,IGMPGDVT,AADGSRRYKRG,8,8,11,RSSGSLRLSCAAS,MGWFRQAPGKEREGVAV,YYADSVKGRFTISRDNAKNTVYLQMNSLKPEDTAVYYC,WGQGTQVTVSS,anarci_imgt
ad9b8bba-aab6-48df-ae83-5ba1a451da48,EYTHNNEP,INAGASVT,AADTSSVKAGS,8,8,11,VQLQESGGGLVQAGGSLRLSCAAS,MGWFRQAPGKEREGVAA,YHADSVKGRFTISRDNAKNTVYLQMNSLKPEDTAVYYC,WGQGTQVTVSS,anarci_imgt
aa73e313-1667-4212-ae0c-825a33a292b0,,,,,,,,,,,unannotated
4f951e03-2f33-44ba-91fd-cfdc0b05f06d,GILISSYA,ITSGECVT,AADDCSGAVNR,8,8,11,,MGWFRQAPGKEREGVAV,YYADSVKGRFTISRDNAKNTVYLQMNSLKPEDTAVYYC,WGQGTQVTVSS,anarci_imgt
db33da90-45d6-4ab3-a7de-1e212183627c,GYTRSTHESRV,IEVGAYST,AADLAGAAGGG,11,8,11,GGGLVQAGGSLRLSCAAS,MGWFRQAPGKEREGVAT,YYADSVKGRFTISRDNAKNTVYLQMNSLKPEDTAVYYC,WGQGTQVTVSS,anarci_imgt
9472feb6-a222-414d-87a9-790c8e39b04a,GYTSSSNV,IFGGVCTT,AADFARRSRGT,8,8,11,QVQLQESGGGLVQAGGSLRLSCAAS,MVWFRQAPGKEREGVAA,YYADSVKGRFTISRDNAKNTVYLQMNSLKPEDTAVYYC,WGQGTQVTVSS,anarci_imgt
faa21847-0f01-48f3-8dbc-80d3c5e15c61,GFEYSPSSSNV,IHMGGGLT,AADIAYAVRSN,11,8,11,GLVQAGGSLRLSCAAS,MGWFRQAPGKEREGVAA,YYADSVKGRFTISRDNAKNTVYLQMNSLKPEDTAVYYC,WGQGTQVTVSS,anarci_imgt
4bd02038-31de-4c94-8512-bb8b9568b3d3,,INCGIPVSG,AADTASYHLLGRAPGMAWSVSCDLFY,0,9,26,,I,YYADSVKGRFTISRDNAKNTVYLQMNSLKPEDTAVYYC,WGQGTQVTVSS,anarci_imgt
f5cf5415-6fe4-419f-b4a1-13ba755ca6cc,,IYTGDAGT,VADCACRSGLA,0,8,11,,VAA,YYADSVKGRFTISRDNAKNTVYLQMNSLKPEDTAVYYC,WGQGTQVTVSS,anarci_imgt
2f7094f3-d509-4e89-98ad-10ec71dd1962,,IGGVGLT,AADYGTPERRG,0,7,11,,AICI,YYADSVKGRFTISRDNAKNTVYLQMNSLKPEDTAVYYC,WGQGTQVTVSS,anarci_imgt
013b9c6d-c151-4d19-a9fe-91767efa9740,GYTHSSRA,LNRGLNCT,AADGRSVGARD,8,8,11,QVQLQESGGGLVQAGGSLRLSCAAS,MGWFRQAPGKEREGVAA,YYADSVKGRFTISRDNAKNTVYLQMNSLKPEDTAVYYC,WGQGTQVTVSS,anarci_imgt
a7f098fc-c4ed-46a8-bb4a-1ac34268c1b7,GYLYRDYA,IYSSDNVT,AADGGIYEPSCYGFGF,8,8,16,QESGGGLVQAGGSLRLSCAAS,MGWFRQAPGKEREGVAT,YYADSVKGRFTISRDNAKNTVYLQMNSLKPEDTAVYYC,WGQGTQVTVSS,anarci_imgt
2ba35197-2598-4368-8af3-c42a1f270f68,GLTYSSYA,IYSGGGYT,AADTSTEPAIQ,8,8,11,QVQLQESGGGLVQAGGSLRLSCAAS,MGWFRQAPGKEREGVAV,YYADSVKGRFTISRDNAKNTVYLQMNSLKPEDTAVYYC,WGQGTQVTVSS,anarci_imgt
f464d83e-a6d2-4a9b-b425-345bd18a8b05,GYPHSYYSTYA,IHTGDITT,AADGSRHRSPG,11,8,11,QVQLQESGGGLVQAGGSLRLSCAAS,MGWFRQAPGKEREGVAA,YYADSVKGRFTISRDNAKNTVYLQMNSLKPEDTAVYYC,WGQGTQVTVSS,anarci_imgt
d281c383-775d-4e41-8105-9d545cf39817,GSQYSSYA,IKSGEGIT,AADGGATSRHS,8,8,11,QVQLQESGGGLVQAGGSLRLSCAAS,MGWFRQAPGKEREGVAC,YYADSVKGRFTISRDNAKNTVYLQMNSLKPEDTAVYYC,WGQGTQVTVSS,anarci_imgt
2c079270-cbe4-44ad-9535-704ba7182e8b,EYEYSSYA,ISSSTGTT,AADWGGPARPD,8,8,11,QVQLQESGGGLVQAGGSLRLSCAAS,MGWFRQAPGKEREGVAS,YYADSVKGRFTISRDNAKNTVYLQMNSLKPEDTAVYYC,WGQGTQVTVSS,anarci_imgt
c33a2131-9c38-4402-87c2-6d4eacc275ce,GYTWLTYRRKA,IFTPESRT,AADFPVYGRRT,11,8,11,QVQLQESGGGLVQAGGSLRLSCAAS,MGWFRQAPGKEREGVAA,YYADSVKGRFTISRDNAKNTVYLQMNSLKPEDTAVYYC,WGQGTQVTVSS,anarci_imgt
3cb4aab2-8abd-43c7-96ff-b3f9fde7b8ad,,AGMT,AADMVIWATQAPGYQL,0,4,16,,,YYADSVKGRFTISRDNAKNTVYLQMNSLKPEDTAVYYC,WGQGTQVTVSS,anarci_imgt
38298ff2-16a0-47d3-ab31-732072415a44,,MDKT,AADYACPGYIWKPLTH,0,4,16,,,YYADSVKGRFTISRDNAKNTVYLQMNSLKPEDTAVYYC,WGQGTQVTVSS,anarci_imgt
f4795a07-6e28-472f-b764-6e1c661bf66d,GYTYESNY,IHGKGGWT,AADGSRRRVRS,8,8,11,LVQAGGSLRLSCAAS,MGWFRQAPGKEREGVAT,YYADSVKGRFTISRDNAKNTVYLQMNSLKPEDTAVYYC,WGQGTQVTVSS,anarci_imgt
dba0c2f0-9af6-4d71-b7e3-aed3f29d0cb3,AHTTSPYV,ISTGHDRT,AADFLASARSR,8,8,11,QVQLQESGGGLVQAGGSLRLSCAAS,MGWFRQAPGKEREGVAA,YYADSVKGRFTISRDNAKNTVYLQMNSLKPEDTAVYYC,WGQGTQVTVSS,anarci_imgt
b69177c3-360e-4511-b2ab-7bdce419141d,,IAT,AADAVAHGSHD,0,3,11,,,SYRCNTFTFFTVRRDNAKNTVYLQMNSLKPEDTAVYYC,WGQGTQVTVSS,anarci_imgt
c85ec5c6-f068-45d7-9f20-42a6eef347be,GIGQSTAT,INIGVSTT,AADYGYVASRG,8,8,11,QVQLQESGGGLVQAGGSLRLSCAAS,MGWFRQAPGKEREGVAS,YYADSVKGRFTISRDNAKNTVYLQMNSLKPEDTAVYYC,WGQGTQVTVSS,anarci_imgt
24fb9969-e709-43ec-b6b8-c9ee978d7b54,,RAST,AADGPTPGYAP,0,4,11,,,YYADSVKGRFTISRDNAKNTVYLQMNSLKPEDTAVYYC,WGQGTQVTVSS,anarci_imgt
7c70e267-9129-4839-8f7e-f8db3891d113,GQSNWPYV,INAGVSST,AADKRVGARPL,8,8,11,QVQLQESGGGLVQAGGSLRLSCAAS,MGWFRQAPGKEREGVAA,YYADSVKGRFTISRDNAKNTVYLQMNSLKPEDTAVYYC,WGQGTQVTVSS,anarci_imgt
137e7a5d-af1b-4b6a-aea7-3e5120d11d88,GYNARWSSRNA,IYTGDRCT,AADFPAGVVVT,11,8,11,QVQLQESGGGLVQAGGSLRLSCAAS,MGWFRQAPGKEREGVAA,YYADSVKGRFTISRDNAKNTVYLQMNSLKPEDTAVYYC,WGQGTQVTVSS,anarci_imgt
f977a99f-30f4-4593-a8ea-ac9da72f2197,GYTSSSAW,IYTGTLNT,AADTVCCACHR,8,8,11,QVQLQESGGGLVQAGGSLRLSCAAS,MGWFRQAPGKEREGVAA,YYADSVKGRFTISRDNAKNTVYLQMNSLKPEDTAVYYC,WGQGTQVTVSS,anarci_imgt
95643435-d120-4b63-8fce-39349a8d47c3,GGLTRTGSSTP,LDRGDIIT,AADGPHEWGGTVGSNY,11,8,16,QAGGSLRLSCAAS,MGWFRQAPGKEREGVAT,YYADSVKGRFTISRDNAKNTVYLQMNSLKPEDTAVYYC,WGQGTQVTVSS,anarci_imgt
c0df1d2c-b283-4826-8df4-6a2cb066e576,SKRFSLLTFA,ILGGEVRT,AADTGRGTTHS,10,8,11,AVACVCGLC,MGWFRQAPGKEREGVAA,YYADSVKGRFTISRDNAKNTVYLQMNSLKPEDTAVYYC,WGQGTQVTVSS,anarci_imgt
08de3624-ce6e-4a2f-9267-59711a7247a9,GYGYSSYF,IYRPFGVT,AADFGASVSHS,8,8,11,QVQLQESGGGLVQAGGSLRLSCAAS,MGWFRQAPGKEREGVAY,YYADSVKGLFTISRDNAKNTVYLQMNSLKPEDTAVYYC,WGQGTQVTVSS,anarci_imgt
2bb523f5-43ff-4e7c-ac84-1511cf2817b5,GYTSEKNA,IYSGALTT,AADSGGGIPAA,8,8,11,QVQLQESGGGLVQAGGSLRLSCAAS,MGWFRRAPGKEREGVAA,YYADSVKGRFTISRDNAKNTVYLQMNSLKPEDTAVYYC,WGQGTQVTVSS,anarci_imgt
d19262f0-9254-4cad-b96a-c339ea00af32,GYTASTYATYA,IYFSSDRT,AADTSTPYAAS,11,8,11,QLQESGGGLVQAGGSLRLSCAAS,MGWFRQAPGKEREGVAT,YYADSVKGRFTISRDNAKNTVYLQMNSLKPEDTAVYYC,WGQGTQVTVSS,anarci_imgt
69c3275b-e5b3-4e7d-8286-10d75773482e,GYTYRTHESFA,IYTGAYNT,AADWSSGIPAL,11,8,11,QAGGSLRLSCAAS,MGWFRQAPGKEREGVAA,YYADSVKGRFTISRDNAKNTVYLQMNSLKPEDTAVYYC,WGQGTQVTVSS,anarci_imgt
febef0f6-fd93-4573-8c82-aa77ba02b9f7,GHTYRAYRSNA,INVGGGGT,AADWSHAGPCT,11,8,11,QVQLQESGGGLVQAGGSLRLSCAAS,MGWCQAPGKEREGVAA,YYADSVKGRFTISRDNAKNTVYLQMNSLKPEDTAVYYC,WGQGTQVTVSS,anarci_imgt
0e074ccf-481f-4d85-a57d-d64fc3a8a3b9,GHNYSNEV,LLGMGSRT,AADYRARREPT,8,8,11,QVQLQESGGGLVQAGGSLRLSCAAS,MGWFRQAPGKEREGVAA,YYADSVKGRFTISRDNAKNTVYLQMNSLKPEDTAVYYC,WGQGTQVTVSS,anarci_imgt
9bb3f23a-7e63-4242-b1dc-44d7f946146e,GYTQDRFA,ISSGTDLT,AADRGVLGAPE,8,8,11,QVQLQESGGGLVQAGGSLRLSCAAS,MGWFRQAPGKEREGVAA,DYADSVKGRFTISRDNAKNTVYLQMNSLKPEDTAVYYC,WGQGTQVTVSS,anarci_imgt
bce9291f-b398-44cf-8557-31be003d3f45,EYHYSTYS,ICSGGNIT,AADHRGSGGPC,8,8,11,QVQLQESGGGLVQAGGSLRLSCAAS,MGWFRQAPGKEREGVAH,YYADSVKGRFTISRDNAKNTVYLQMNSLKPEDTAVYYC,WGQGTQVTVSS,anarci_imgt
3d29ef16-b2cf-4c32-9e29-65cb2fea8e7c,,TIINCGYST,AADPGLCPMSRPGFDR,0,9,16,,YICC,YYADSVKGRFTISRDNAKNTVYLQMNSLKPEDTAVYYC,WGQGTQVTVSS,anarci_imgt
190567f0-c70f-44b6-9e53-d27e12fdffb1,GYTFSSAC,IKVRTRTT,AADEHSANFGSRGWVY,8,8,16,GLVQAGDGLRLSCAAS,MGWFRQAPGKEREGVAA,YYADSVKGRFTISRDNAKNTVYLQMNSLKPEDTAVYYC,WGQGTQVTVSS,anarci_imgt
1978cb01-5430-40c1-97df-bd9510ed8eb2,GYPNPTYSPFC,IYSSEIST,AADWAGAAASG,11,8,11,GGSLRLSCAAS,MGWFRQAPGKEREGVAA,DYADSVKGRFTISRDNAKNTVYLQMNSLKPEDTAVYYC,WGQGTQVTVSS,anarci_imgt
bdd79284-56e5-4952-b1c6-696896e7eb53,EVTKRRYV,IEFGDAST,AADYGARIPTL,8,8,11,QVQLQESGGGLVQAGGSLRLSCAAS,MGWFRQAPGKEREGVAA,YYADSVKGRFTISRDNAKNTVYLQMNSLKPEDTAVYYC,WGQGTQVTVSS,anarci_imgt
c129eeb4-487a-43a8-b953-b0ad77f4fcb6,GFTYSTYSSYP,IQNRRLHNL,AVYLVGCYGR,11,9,10,GGSLRLSCAAS,MGWFRQAPGKEREGVAA,LWTDSLKGRFTISRDNAKNTVYLQMNSLKPEDTAVYYC,WGQGTQVTVSS,anarci_imgt
143e19e4-a6c2-472d-89ee-38904d473aa1,SYGWSTYWSNA,IYRGRCLT,AADDAGVIVTG,11,8,11,QVQLQESGGGLVQAGGSLRLSCAAS,MGWFRQAPGKEREGVAA,YYADSVKGRFTISRDNAKNTVYLQMNSLKPEDTAVYYC,WGQGTQVTVSS,anarci_imgt
db57ac25-4e1d-4d7a-af82-20953aa08c01,GVSYHPAERYV,ITSGGGST,AADKGAPVVVA,11,8,11,QVQLQESGGGLVQAGGSLRLSCAAS,MGWFRQAPGKEREGVAF,YYADSVKGRFTISRDNAKNTVYLQMNSLKPEDTAVYYC,WGQGTQVTVSS,anarci_imgt
df26a1d2-5f49-488a-bc9e-19eec5292e1d,GYHVSISGYNV,IKTGDNIT,AADIRRCRTGY,11,8,11,QVQLQESGGGLVQAGGSLRLSCAAS,MGWFRQAPGKEREGVAV,DHADSVKGRFTISRDNAKNTVYLQMNSLKPEDTAVYYC,WGQGTQVTVSS,anarci_imgt
625ab702-64ad-4812-9b98-80dc2a692e87,GYLYSDYA,IIARDALT,AADGVGHVGSL,8,8,11,LQESGGGLVQAGGSLRLSCAAS,MGWFRQAPGKEREGVAR,YYADSVKGRFTISRDNAKNTVYLQMNSLKPEDTAVYYC,WGQGTQVTVSS,anarci_imgt
5c663cf9-3db6-4abb-ba33-ec103653e218,GYSYSGYE,IKSGGGIT,AADPVPRSRPG,8,8,11,QVQLQESGGGLVQAGGSLRLSCAAS,MGWFLQAPGKEREGVAT,YYADSVKGRFTISRDNAKNTVYLQMNSLKPEDTAVYYC,WGQGTQVTVSS,anarci_imgt
9f01ef20-be07-4886-8585-ab4a883e05e1,GSTYRPYSSVA,IGSGGNIT,AADLTSTAGIA,11,8,11,QVQLQESGGGLVQAGGSLRLSCAAS,MGWFRQAPGKEREGVAA,YYADSVKGRFTISRDNAKNTVYLQMNSLKPEDTAVYYC,WGQGTQVTVSS,anarci_imgt
0806fd77-92ec-498f-8906-7dbd82c9c1bd,GYLYSSYV,IYVGEDMT,AADERSRRYTW,8,8,11,QLQESGGGLVQAGGSLRLSCAAS,MGWFRQAPGKEREGVAY,YYADSVKGRFTISRDNAKNTVYLQMNSLKPEDTAVYYC,WGQGTQVTVSS,anarci_imgt
fd29d881-0f5f-4b75-bd5a-7030dbc562d3,GYSSSSYS,IYFGDCST,AADMYTRGVHV,8,8,11,QVQLQESGGGLVQAGGSLRLSCAAS,MGWFRQAPGKEREGVAV,YYADSVKGRFTISRDNAKNTVYLQMNSLKPEDTAVYYC,WGQGTQVTVSS,anarci_imgt
0397084f-b887-407d-b84a-b0c3ea671beb,STSRKA,IRSGTGRT,AADMHEGFECGYDDLSSGKRRGNY,6,8,24,,MGWFRQAPGKEREGVAA,YYADSVKGRFTISRDNAKNTVYLQMNSLKPEDTAVYYC,WGQGTQVTVSS,anarci_imgt
4d35a0f9-d418-40be-a006-4507950813ae,GFPSSSRP,IESGANLT,AADFAGGRTPQ,8,8,11,QVQLQESGGGLVQAGGSLRLSCAAS,MGWFRQAPGKEREGVAA,DHADSVKGRFTISRDNAKNTVYLQMNSLKPEDTAVYYC,WGQGTQVTVSS,anarci_imgt
be4dbd0b-81a9-42fd-9e33-46bf1a00f75e,GGTYSSYC,ITSGDITT,AADRGRQYSDRSGDNY,8,8,16,GGSLRLSCAAS,MGWFRQAPGKEREGVAA,YYADSVKGRFTISRDNAKNTVYLQMNSLKPEDTAVYYC,WGQGTQVTVSS,anarci_imgt
e04a5540-71a3-4ca2-9428-95b2b46f3c81,GYTYSSNA,INADFITT,AADRLPRIFSRYSWSIWSTGSSFLQG,8,8,26,VQLQESGGGLVQAGGSLRLSCAAS,MGWFRQAPGKEREGVAA,YYADSVKGRFTISRDNAKNTVYLQMNSLKPEDTAVYYC,WGQGTQVTVSS,anarci_imgt
706c5a60-8ee2-4fff-84fe-f20e88a3c22e,WYYYSTYCRNA,ILTGAGTT,AADGGHCHIEDYKSGY,11,8,16,GLVQAGGSLRLSCAAS,MGWFRQAPGKEREGVAT,YYADSVKGRFTISRDNAKNTVYLQMNSLKPEDTAVYYC,WGQGTQVTVSS,anarci_imgt
2e2edb58-0c68-456f-b803-86087916dcbc,GYKGSTYGTYA,IFSSGMST,AADFTTSRGCP,11,8,11,QVQLQESGGGLVQAGGSLRLSCAAS,MGWFRQAPGKEREGVAT,YYADSVKGRFTISRDNAKNTVYLQMNSLKPEDTAVYYC,WGQGTQVTVSS,anarci_imgt
9e55cb95-0d53-4218-9b02-282fdd5a4250,GFTYSTYA,FYGGDRWT,AADAAYYPSSHDYYVG,8,8,16,VQLQESGGGLVQAGGSLRLSCAAS,MGWFRQAPGKEREGVAA,YYADSVKGRFTISRDNAKNTVYLQMNSLKPEDTAVYYC,WGQGTQVTVSS,anarci_imgt
3d71b8b8-c7c6-407d-840b-ac0ea8e3e124,QSVKI,IYVVRFNT,AADSAAGGASF,5,8,11,,MGWFVRHRVKEREGVAT,YYADSVKGRFTISRDNAKNTVYLQMNSLKPEDTAVYYC,WGQGTQVTVSS,anarci_imgt
8c9f1409-c348-4058-851a-2e15772e0c04,GYTKLSNA,ITSGGIST,AADFPARGGRNE,8,8,12,QVQLQESGGGLVQAGGSLRLSCAAS,MGWFRQAPGKEREGVAF,YYADSVKGRFTISRDNAKNTVYLQMNSLKPEDTAVYYC,WGQGTQVTVSS,anarci_imgt
8fda33de-cfd9-40e2-a800-e3b421d7d8bb,AYWYRTFSVTA,INMPGDNT,AADLARRPSWS,11,8,11,QVQLQESGGGLVQAGGSLRLSCAAS,MGWFRQAPGKEREGVAY,YYADSVKGRFTISRDNAKNTVYLQMNSLKPEDTAVYYC,WGQGTQVTVSS,anarci_imgt
053ef0f9-3dce-4802-a224-d8dec2c91ccd,,,,,,,,,,,unannotated
129b1646-3227-4f07-aac4-af714c0b5543,,IDWAACYL,AADAGARGHGW,0,8,11,,QAPGKEREGVAG,LRHTSVKGRFTISRDNAKNTVYLQMNSLKPEDTAVYYC,WGQGTQVTVSS,anarci_imgt
1d4352c8-bce5-45ba-9cdb-8e7ce1dd52e6,GNVKSTYA,IISGEIFT,AADSVPAHASSLSCTY,8,8,16,QVQLQESGGGLVQAGGSLRLSCAAS,MGWFRQAPGKEREGVAY,YYADSVKGRFTISRDNAKNTVYLQMNSLKPEDTAVYYC,WGQGTQVTVSS,anarci_imgt
976c8e4b-8769-421a-8054-29f2c07e7642,GYWYSRIA,IYSGGYIT,AADQAAAGRPR,8,8,11,QVQLQESGGGLVQAGGSLRLSCAAS,MGWFRQAPGKEREGVAI,YYADSVKGRFTISRDNAKNTVYLQMNSLKPEDTAVYYC,WGQGTQVTVSS,anarci_imgt
6450c1c6-3524-4143-bf08-c8bf4d363ffe,,IINCGYLPVSG,AADYVQGFPSGSWLNL,0,11,16,,GKPWTYCGT,YYADSVKGRFTISRDNAKNTVYLQMNSLKPEDTAVYYC,WGQGTQVTVSS,anarci_imgt
5e6f1c28-fd47-4333-825f-d1a0d79ed723,GYCYPTHSSYA,IYTDAGIT,AADIAACRTRG,11,8,11,QVQLQESGGGLVQAGGSLRLSCAAS,MGWFRQAPGKEREGVAH,YYADSVKGRFTISRDNAKNTVYLQMNSLKPEDTAVYYC,WGQGTQVTVSS,anarci_imgt
17d7ca22-11c1-4695-a9cc-4d98a2895a90,GGHKRVYV,IYSGAIIT,AADTCACWSGCTGYDY,8,8,16,QVQLQESGGGLVQAGGSLRLSCAAS,MGWFRQAPGKEREGVAV,YYADSVKGRFTISRDNAKNTVYLQMNSLKPEDTAVYYC,WGQGTQVTVSS,anarci_imgt
f2e9e689-583a-41f3-8343-d11538876c5e,GFTISSNP,IGSGGCCT,AADKGPAGAPE,8,8,11,QVQLQESGGGLVQAGGSLRLSCAAS,MGWFRQAPGKEREGVAT,DYADSVKGRFTISRDNAKNTVYLQMNSLKPEDTAVYYC,WGQGTQVTVSS,anarci_imgt
384ceef5-6574-4560-bcec-aff3e919cfdd,,,AVHAPRASAT,0,0,10,,,NGKTTFSRDNAKNTVYLQMNSLKPEDTAVYYC,WGQGTQVTVSS,anarci_imgt
01d3018a-33e1-4983-b0e9-49611629229c,GYTYGMYL,IYTGAST,AADYRARREPT,8,7,11,QVQLQESGGGLVQAGGSLRLSCAAS,MGWFRQAPGKEREGVAA,YYADSVKGRFTISRDNAKNTVYLQMNSLKPEDTAVYYC,WGQGTQVTVSS,anarci_imgt
0cf66286-4e08-446c-8970-cd8085512afb,GYSYLTISSHP,ILVGMGLT,AADGRARRAGG,11,8,11,VS,MGWFCQAPGKEREGVAT,YYADSVKGRFTISRDNAKNTVYLQMNSLKPEDTAVYYC,WGQGTQVTVSS,anarci_imgt
becd1efe-c1ab-473d-891e-4e59ad9304a8,GFTFQTSSTYA,INIGDNIT,AADCARVRSSS,11,8,11,QVQLQESGGGLVQAGGSLRLSCAAS,MGWFRQAPGKEREGVAS,YYADSVKGRFTISRDNAKNTVYLQMNSLKPEDTAVYYC,WGQGTQVTVSS,anarci_imgt
7c02a8ee-1d0b-4ac8-8a82-11d68ca57e3c,GYSYSTYSSYT,IITRAVRT,CSGFYYGGAGHG,11,8,12,GGSLRLSCAAS,MGWFRQAPGKEREGVAI,YYADSVKGRFTISRDNAKNTVYLQMNSLKPEDTAVYSV,WGQGTQVTVSS,anarci_imgt
523d30a6-91f1-40ee-840c-2ad766ef3c2c,GQTYSGYSNYA,ISTSGAIT,AADRSGAGGRL,11,8,11,QAGGSLRLSCAAS,MGWFRQAPGKEREGVAC,YYADSVKGRFTISRDNAKNTVYLQMNSLKPEDTAVYYC,WGQGTQVTVSS,anarci_imgt
85921546-a6c2-4bb8-8ec0-ca7f83a28b5a,GYTYAVIR,LRAGDLST,AADSHSVSGLY,8,8,11,GSVQAGGSLRLSCAAS,MGWFRQAPGKEREGVAA,YYADSVKGRFTISRDNAKSTVYLQMNSLKPEDTAVYYC,WGQGTQVTVSS,anarci_imgt
a8e3a6f1-fcbb-4128-8d3c-3312daa157d0,GYTKPTYASYA,IDIGDNIT,AADFGSHVAKA,11,8,11,QVQLQESGGGLVQAGGSLRLSCAAS,MGWFRQAPGKEREGVAT,DYADSVKGRFTISRDNAKNTVYLQMNSLKPEDTAVYYC,WGQGTQVTVSS,anarci_imgt
84eb0f85-2002-49bc-b80d-da0c94f38e13,,,,,,,,,,,unannotated
aa85b199-9764-442f-8f6e-ac9e8514ea9d,AYTTRTYSTYE,VKTGQNKT,AADPAARRRLS,11,8,11,RFSSQESGGGLVQAGGSLRLSCAAS,MGWFRQAPGKEREGVAH,YYADSVKGRFTISRDNAKNTVYLQMNSLKPEDTAVYYC,WGQGTQVTVSS,anarci_imgt
533dc31c-195e-488c-a004-30a62805efac,GYTVSRIR,IFTSWGST,AADAGAPRYPL,8,8,11,QVQLQESGGGLVQAGGSLRLSCAAS,MGWFRQAPGKEREGVAR,YYADSVKGRFTISRDNAKNTVYLQMNSLKPEDTAVYYC,WGQGTQVTVSS,anarci_imgt
c8df7c7f-52b2-409f-b0ec-b091cabb093f,GYKSSNYV,IYSGGIT,AADPYRGLLGTSFYTK,8,7,16,QVQLQESGGGLVQAGGSLRLSCAAS,MGWFRQAPGKEREGVAS,DYADSVKGRFTISRDNAKNTVYLQMNSLKPEDTAVYYC,WGQGTQVTVSS,anarci_imgt
8f370fb7-47b7-4bd8-b5ed-57da6577a82c,GYTYSRNA,FDRPGGTT,AADWGLQLWGWKSLNY,8,8,16,QVQLQESGGGSVQAGGSLRLSCAAS,MGWFRQAPGKEREGVAI,YYADSVKGRFTISRDNAKNTVYLQMNSLKPEDTAVYYC,WGQGTQVTVSS,anarci_imgt
0f36f4f9-1818-426c-810e-1d488add18d9,,,AADKAARAGSD,0,0,11,,,NGKTTFSRDNAKNTVYLQMNSLKPEDTAVYYC,WGQGTQVTVSS,anarci_imgt
47d4e55c-bb81-4480-9fe7-f10f5509ca1c,GDKYSTYV,IYGGAGST,AADLSSSLRAG,8,8,11,ESGGGLVQAGGSLRLSCAAS,MGWFRQAPGKEREGVAR,YYADSVKGRFTISRDNAKNTVYLQMNSLKPEDTAVYYC,WGQGTQVTVSS,anarci_imgt
0d1d4322-28ec-4ca6-803b-93e3d425a6c3,GLRKRSFG,IERGHRNT,AADNRAAQRPP,8,8,11,QVQLQESGGGLVQAGGSLRLSCAAS,MGWFRQAPGKEREGVAG,YYADSVKGRFTISRDNAKNTVYLQMNSLKPEDTAVYYC,WGQGTQVTVSS,anarci_imgt
321d3319-90c2-4a08-a491-c5403f70a4eb,GFDYSSYA,IHSGGFMT,AADNVGRVGGP,8,8,11,AGGSLRLSCAAS,MGWFRQAPGKEREGVAA,YYADSVKGRFTISRDNAKNTVYLQMNSLKPEDTAVYYC,WGQGTQVTVSS,anarci_imgt
003cb237-5663-4a73-8e4b-fb149bd61803,,,AADGATGGDECIIYNY,0,0,16,,,ALGRFTISRDNAKNTVYLQMNSLKPEDTAVYYC,WGQGTQVTVSS,anarci_imgt
359e6e20-0f5b-4b26-abcf-06fcc557951f,GYTGPTYSTYT,IISGGSAT,AADDACGRGGY,11,8,11,SGGGLVQAGGSLRLSCAAS,MGWFRQAPGKEREGVAI,YYADSVKGRFTISRDNAKNTVYLQMNSLKPGIYAVYYC,WGQGTQVTVSS,anarci_imgt
130d9701-27e6-4093-8e11-e0df90444353,CTSSTNA,ITTGDITT,AADWRASYGCC,7,8,11,,MGWFRQAPGKEREGVAA,YYADSVNLRLTISRDNAKNTVYLQMNSLKPEDTAVYYC,WGQGTQVTVSS,anarci_imgt
11dc0413-a491-4f3d-82f3-8a4bb894e474,GFSYDRAL,ISTVDATT,AADGGRTRYRT,8,8,11,QVQLQESGGGLVQAGGSLRLSCAAS,MGWFRQAPGKEREGVAA,YYADSVKGRFTISRDNAKNTVYLQMNSLKPEDTAVYYC,WGQGTQVTVSS,anarci_imgt
f649bf17-1280-44b3-b903-2fb0e4882eb8,,TAVSSGGAMT,AADYRAAPPWG,0,10,11,,GKDLLHNNK,YYADSVKGRFTISRDNAKNTVYLQMNSLKPEDTAVYYC,WGQGTQVTVSS,anarci_imgt
615e1d7a-cb36-40c5-8876-5ae7abb7b858,WYTYSNYA,ISSGKSIT,AADFPPGSLAG,8,8,11,QVQLQESGGGLVQAGGSLRLSCAAS,MGWFRQAPGKEREGVAT,YYADSVKGRFTISRDNAKNTVYLQMNSLKPEDTAVYYC,WGQGTQVTVSS,anarci_imgt
69240221-c91c-45e7-9527-3e7d082c37e6,GYTSESNA,ILRGGGST,AADGAAGYRAG,8,8,11,QVQLQESGGGLVQAGGSLRLSCAAS,MGWFRQAPGKEREGVQA,YYADSVKGRFTISRDNAKNTVYLQMNSLKPEDTAVYYC,WGQGTQVTVSS,anarci_imgt
6cd0e94a-f8f4-4303-aefa-c87ea4dadd50,GYIYRTFV,INRFRIVT,AADTSPPVAGASKYGY,8,8,16,QVQLQESGGGLVQAGGSLRLSCAAS,MGWFRQAPGKEREGVAH,YYADSVKGRFTISRDNAKNTVYLQMNSLKPEDTAVYYC,WGQGTQVTVSS,anarci_imgt
67b034dc-0edb-4a19-8e16-103cebab81b3,GLQPERLTAI,INRGSGST,AADISAPCWPLYRYGY,10,8,16,QVQLQESGGGLVQAGGSLRLSCGAA,PGWLVCQAPGKEREGVAT,YYADSVKGRFTISRDNAKNTVYLQMNSLKPEDTAVYYC,WGQGTQVTVSS,anarci_imgt
be4c0a7c-e1d1-4e9b-82ee-b5cb754a7cdc,GNLYRRKN,IKSSQSRT,AADFAGGHCPTHERAASPASVSVKNF,8,8,26,LRLSCAAS,MGWFRQAPGKEREGVAT,YYADSVKGRFTISRDNAKNTVYLQMNSLKPEDTAVYYC,WGQGTQVTVSS,anarci_imgt
ff1e80e1-52c7-4a45-aaf8-6a1d9097a0b6,GYTYRTYE,IDLRAVT,AADYAAVYCQY,8,7,11,QVQLQESGGGLVQAGGSLRLSCAAS,MGWFRQAPGKERERLTV,IMGISVKGRFTISRDNAKNTVYLQMNSLKPEDTAVYYC,WGQGTQVTVSS,anarci_imgt
2343e26e-502a-444d-89f8-e17e6906ab20,GYTYSTYT,VHSGDYST,AADTANYNLGLAWYNF,8,8,16,QVQLQESGGGLVQAGGSLRLSCAAS,MCWFRQAPGKEREGVAT,YYADSVKGRFTISRDNAKNTVYLQMNSLKPEDTAVYYC,WGQGTQVTVSS,anarci_imgt
4f1f8f50-9c94-4de2-a756-fd7254addeca,,ITANGKT,AADLPTGSTQR,0,7,11,,GI,TFNAICIIGRFTISRDNAKNTVYLQMNSLKPEDTAVYYC,WGQGTQVTVSS,anarci_imgt
577310bd-6050-403d-84ea-22a4279e289b,GYKYSTYDRNA,ITSSGGST,AADTEASARAA,11,8,11,SAQESGGGLVQAGGSLRLSCAAS,MGWFRQAPGKEREGVAF,YYADSVKGRFTISRDNAKNTVYLQMNSLKPEDTAVYYC,WGQGTQVTVSS,anarci_imgt
3b0d2357-96df-4a80-9d00-c34b31339398,GYSAEIRA,IYSRDALT,AADVRGRAAAG,8,8,11,QVQLQESGGGLVQAGGSLRLSCAAS,MGWFRQAPGKEREGVAA,YYADSVKGRFTISRDNAKNTVYLQMNSLKPEDTAVYYC,WGQGTQVTVSS,anarci_imgt
398dbfe8-434a-4fe2-9b24-51261e65aeba,GHTYSNYE,IQVSGSVT,AADGAYAVRSD,8,8,11,RFSCKESGGGLVQAGGSLRLSCAAS,MGWFRQAPGKEREGVAA,YYADSVKGRFTISRDNAKNTVYLQMNSLKPEDTAVYYC,WGQGTQVTVSS,anarci_imgt
a4365fc4-acbe-4d59-9853-1efb33359cf1,GFDYSRYSVYG,INRGRGCT,AADEKPSSWAVKSRFY,11,8,16,QVQLQESGGGLVQAGGSLRLSCAAS,MGWFRQAPGKEREGVAA,YYADSVKGRFTISRDNAKNTVYLQMNSLKPEDTAVYYC,WGQGTQVTVSS,anarci_imgt
2855b1fa-0cce-4f93-b330-2c3ebbd8cdb8,GFDYSRVV,ILRGVGKT,AADYRSSELPRLSSYPCGRSAGKYDY,8,8,26,VQLQESGGGLVQAGGSLRLSCAAS,MGWFRQAPGKEREGVAA,YYADSVKGRFTISRDNAKNTVYLQMNSLKPEDTAVYYC,WGQGTQVTVSS,anarci_imgt
b5b21d55-4b13-48e9-8dfa-e13006c1a529,GYDFSTYSTYAV,INMAKCMT,AADVKCRYPAV,12,8,11,AEAGEGRLLSCAAS,MGWFRQAPGKEREGVAA,YYADSVKGRFTISRDNAKNTVYLQMNSLKPEDTAVYYC,WGQGTQVTVSS,anarci_imgt
8a789822-5286-426d-a6eb-53ba619efe4b,GYLGSWSCSFS,INNPDITT,AADACAGTEPR,11,8,11,RQAVSLRLSCAAS,MGWFRQAPGKEREGVAA,YYADSVKGRFTISRDNAKNTVYLQMNSLKPEDTAVYYC,WGQGTQVTVSS,anarci_imgt
7de787bc-eb85-46fc-8725-921d0b4ccc13,GYKYRSYA,IYSGVFST,AADYRRPIYECGGYNY,8,8,16,QVQLQESGGGLVQAGGSLRLSCAAS,MGWFRQAPGKEREGVAF,YYADSVKGRFTISRDNAKNTVYLQMNSLKPEDTAVYYC,WGQGTQVTVSS,anarci_imgt
95d0ab09-5fc0-4b86-a3ae-de3466a1208d,GYTSSRYA,ISTGAAWT,AADIRRCYAHW,8,8,11,SGGGLVQAGGSLRLSCAAS,MGWFRQAPGKEREGVAS,YYADSVKGRFTISRDNAKNTVYLQMNSLKPEDTAVYYC,WGQGTQVTVSS,anarci_imgt
c5a6d18b-220a-4fa9-afe1-0b9024332599,,,,,,,,,,,unannotated
43fb50bd-8c3b-416c-a741-f78968c04914,THTVVTPP,LQQYSGGGVT,AADRAHLAVGC,8,10,11,QVQLQESGGGIHQASGVARELLTS,IPWVGFVRHRVKNVKV,YYADSVKGRFTISRDNAKNTVYLQMNSLKPEECAVYYC,WGQGTQVTVSS,anarci_imgt
5d123247-5f4f-4ca0-9d45-99f3ede8989f,,,,,,,,,,,unannotated
c511e10b-16b3-4c29-99bf-a956bd785fb4,GFNYRTSCSRV,IRTGDLST,AADVAGHAERS,11,8,11,RFQLQESGGGTVQAGGSLRLSCAAS,MGWFRQAPGKEREGVAA,YYADSVKGRFTISRDNAKNTVYLQMNSLKPEDTAVYYC,WGQGTQVTVSS,anarci_imgt
f1b9985a-8fb3-458d-8a29-e0488f1b7206,,,,,,,,,,,unannotated
5ffa142c-23aa-4894-bb61-a58f6a45257a,GFSYHRYGSFT,IKSPDVRT,AADFHHTSIGRLFEGF,11,8,16,QVQLQESGGGLVQAGGSLRLSCAAS,MGWFRQAPGKEREGVAR,YYADKGRFTISRDNAKNTVYLQMNSLKPEDTAVYYC,WGQGTQVTVSS,anarci_imgt
2efbd542-afb6-47b3-b0eb-95f49878c815,GYTYRRHA,IYSGGGTT,AADERGSVTQG,8,8,11,QVQLQESGGGLVQAGGSLRLSCAAS,MGWFRQAPGKEREGVAT,YYADSVKGRFTISRDNAKNTVYLQMNSLKPEDTAVYYC,WGQGTQVTVSS,anarci_imgt
26d5ddf9-f6d2-4f25-8681-3ff43c7509ec,SGYSRRYV,IDVREGVT,AADCRCVPRQD,8,8,11,,MGWFRQAPGKEREGVAA,YYADSVKGRFTISRDNAKNTVYLQMNSLKPEDTAVYYC,WGQGTQVTVSS,anarci_imgt
e89e3638-e140-4c1d-888b-9e1a3902953a,,,AADAARGIAYCSGITN,0,0,16,,,GIFTISRDNAKNTVYLQMNSLKPEDTAVYYC,WGQGTQVTVSS,anarci_imgt
1622521f-fbd6-47a5-ac48-2d9627fc4e6d,GYSYSTYP,ISRGDAIT,AADGSSAIPWD,8,8,11,QVQLQESGGGLVQAGGSLRLSCAAS,MGWFRQAPGKEREGVAV,YYADSVKGCFTISRDNAKNTVYLQMNSLKPEDTAVYYC,WGQGTQVTVSS,anarci_imgt
0cff96f3-c583-4d98-9e9c-e7efb4057def,GYTHSWYRSNC,INRGGLTT,AADTTGRSARC,11,8,11,QVQLQESGGGLVQAGGSLRLSCAAS,MGWFRQAPGKEREGVAA,YYADSVKGRFTISRDNAKNTVYLQMNSLKPEDTAVYYC,WGQGTQVTVSS,anarci_imgt
b8cdf58a-84c8-432c-8cfc-6706ca6c4a16,GYYYSTLRPRT,IYADLGST,AADKACGGVAG,11,8,11,QVQLQESGGGLVQAGGSLRLSCAAS,MGWFRQAPGKEREGVAA,DYADSVKGRFTISRDNAKNTVYLQMNSLKPEDTAVYYC,WGQGTQVTVSS,anarci_imgt
387f8a73-200f-475d-bc53-9592a5a1a88e,,,AADGAGYATRG,0,0,11,,,ADSVKGRFTISRDNAKNTVYLQMNSLKPEDTAVYYC,WGQGTQVTVSS,anarci_imgt
50e9996b-00ed-4608-bedb-c85bc5239fca,GYPNPTYSRYG,IKTGGGST,AADFYCGVHPG,11,8,11,QLQESGGGLVQAGGSLRLSCAAS,MGWFRQAPGKEREGVAA,YYADSVKGRFTISRDNAKNTVYLQMNSLKPEDTAVYYC,WGQGTQVTVSS,anarci_imgt
38ebe32e-e3de-4b47-8cd2-d382d8b0a721,GYTYDVSSRKN,VNVGRIST,AADKGVVYSRR,11,8,11,VQAGGSLRLSCAAS,MGWFRQAPGKEREGVAI,YYADSVKGRFTISRDNAKNTVYLQMNSLKPEDTAVYYC,WGQGTQVTVSS,anarci_imgt
e3c1108b-481c-4f43-9680-e975e5e784d9,GVHYGSNE,IKTGNMCT,AADVEVGAGPG,8,8,11,QVQLQESGGGLVQAGGSLRLSCAAS,MGWFRQAPGKEREGVAC,YYADSVKGRFTISRDNAKNTVYLQMNSLKPEDTAVYYC,WGQGTQVTVSS,anarci_imgt
dcc3fef4-3458-4434-b89d-bc060b4fb36a,GVNGRIASTYI,IYSGGSST,AADMAGPYKLCLGDETWCRGGGIPDY,11,8,26,LSCAAS,MGWFRQAPGKEREGVAA,YYADSVKGRFTISRDNAKNTVYLQMNSLKPEDTAVYYC,WGQGTQVTVSS,anarci_imgt
f09cf88f-d34a-41c9-ac20-8ffa46db0e60,FA,IGTDRGAT,AADIAYREAGC,2,8,11,,TKWVGFCQAPGKEREGVAA,YYADSVKGRFTISRDNAKNTVYLQMNSLKPEDTAVYYC,WGQGTQVTVSS,anarci_imgt
3fb8f4c1-7379-441a-aeba-0848a94421ab,GYRYSTHA,IYTPKAST,AADGSGVSART,8,8,11,QVQLQESGGGLVQAGGSLRLSCAAS,MGWFRQAPGKEREGVAV,YYADSVKGRFTISRDNAKNTVYLQMNSLKPEDTAVYYC,WGQGTQVTVSS,anarci_imgt
5e2a9b34-21d2-4d02-8572-3b36f8decc70,GYTYSSYA,ISGVGDVT,AADPAGVEKSL,8,8,11,VQLQESGGGLVQAGGSLRLSCAAS,MGWFRQAPGKEREGVAT,YYADSVKGRFTISRDNAKNTVYLQMNSLKPEDTAVYYC,WGQGTQVTVSS,anarci_imgt
9c86105f-a626-4e89-a5a9-f6900a66a243,EYSYDAGSPYA,IYSPDITT,AADWAQPEWTCKAHNY,11,8,16,VQAGGSLRLSCAAS,MGWFRQAPGKEREGVAA,YYADSVKGRFTISRDNAKNTVYLQMNSLKPEDTAVYYC,WGQGTQVTVSS,anarci_imgt
36908333-2bdd-4eef-8712-72d9bf1a740b,GHTISSYV,IYVGGHVT,GADTRARIRSC,8,8,11,QVQLQESGGGLVQAGGSLRLSCAAS,MGWFRQAPGKEREGVAT,YYADSVKGRFIISRDNAKNTVYLQMNSLKPEDTAVYYC,WGQGTQVTVSS,anarci_imgt
4cd1aaa1-1807-445b-a9af-c2a2585b2877,GGSSRDYT,IYRGVRKT,AADWVDARAPS,8,8,11,QVQLQESGGGLVQAGGSLRLSCAAS,MGWFRQAPGKEREGVAV,YYADSVKGRFTISRDNAKDIVYLQMNSLKPEDTAVYYC,WGQGTQVTVSS,anarci_imgt
e4b1d5bf-7b4f-4069-8793-6bb4580493dd,GLTSATNA,IYHGGGGT,AGIMDAAATRGR,8,8,12,QVQLQESGGGLVQAGGSLRLSCAAS,MGWFRQAPGKEREGVAA,DYADSVKGRFTISRDNAKNTVYLQMNSLKPEDTAVYYC,WGQGTQVTVSS,anarci_imgt
6e6b65da-51c7-4fc4-a0a5-03f2df1c1565,EGNYSPGSTFV,IYTGELIT,AADDAVSGARYNF,11,8,13,LQESGGGLVQAGGSLRLSCAAS,MGWFRQAPGKEREGVAA,YYADSVKGRFTISRDNAKNTVYLQMNSLKPEDTAVYYC,WGQGTQVTVSS,anarci_imgt
5f8558fd-5435-445c-9d32-7b5b5b75a279,EYSTSTYSRNV,ILTGFTGT,AADYVGSVYGLIDFHS,11,8,16,QESGGGLVQAGGSLRLSCAAS,MGWFRQAPGKEREGVAH,YYADSVKGRFTISRDNAKNTVYLQMNSLKPEDTAVYYC,WGQGTQVTVSS,anarci_imgt
cb72c82f-1114-4aa0-8189-0df10afa7e9e,GSSYSREC,INVGDFST,AADEARYAMGLLEYKY,8,8,16,QVQLQESGGGLVQAGGSLRLSCAAS,MGWFQAPGKEREGVAA,YYADSVKGRFTISRDNAKNTVYLQMNSLKPEDTAVYYC,WGQGTQVTVSS,anarci_imgt
c9db26bc-1ffe-4dbe-af82-a8859acfb0ba,EYTMSTYRRKA,IYSDWANT,AADAAAGTVRS,11,8,11,QVQLQESGGGLVQAGGSLRLSCAAS,MGWFRQAPGKEREGVAA,YYADSVKGRFTISRDNAKNTVYLQMNSLKPEDTAVYYC,WGQGTQVTVSS,anarci_imgt
42e338c2-ecb4-41e3-b90d-4bd485e46b93,EHTYSDYG,IDMGDAPT,AADFAAVGGYG,8,8,11,QVQLQESGGGLVQAGGSLRLSCAAS,MGWFRQAPGKEREGVAA,YYADSVKGRFTISRDNAKNTVYLQMNSLKPEDTAVYYC,WGQGTQVTVSS,anarci_imgt
0b668d5c-03aa-4d4c-960c-e26619cabfc4,DFESSRYC,VSGGNLCT,AADWAGAVGRQ,8,8,11,QVQLQESGGGLVQAGGSLRLSCAAS,MGWFRQAPGKEREGVAT,YYADSVKGRFTISRDNAKNTVYLQMNSLKPEDTAVYYC,WGQGTQVTVSS,anarci_imgt
cdf99e17-23b1-45b2-938a-51971a60cb00,GYSIRTYDNYC,IDLGAGTT,AADTAGVVTYG,11,8,11,QVQLQESGGGLVQAGGSLRLSCAAS,MGWFRQAPGKKREGVAH,YYADSVKGRFTISRDNAKNTVYLQMNSLKPEDTAVYYC,WGQGTQVTVSS,anarci_imgt
