region,position,consensus_residue,consensus_freq,entropy
FR1,1,Q,0.960728514513375,0.24006493053653438
FR1,2,V,0.9681274900398407,0.19946708096554425
FR1,3,Q,0.9641434262948207,0.20791323828512126
FR1,4,L,0.9886169607285145,0.07632050920470382
FR1,5,Q,0.9863403528742174,0.09127902054705485
FR1,6,E,0.9897552646556631,0.07093276842386428
FR1,7,S,0.9897552646556631,0.07522992129040161
FR1,8,G,0.993739328400683,0.045022250716987525
FR1,9,G,0.9931701764371087,0.0464905607880172
FR1,10,G,0.9903244166192373,0.072345862890266
FR1,11,L,0.9829254410927718,0.11545642214994195
FR1,12,V,0.9908935685828116,0.07079019972643907
FR1,13,Q,0.9755264655663062,0.15246425189620477
FR1,14,A,0.9760956175298805,0.15699046871164302
FR1,15,G,0.9829254410927718,0.1155579068282748
FR1,16,G,0.9755264655663062,0.1641752523806363
FR1,17,S,0.9072282299373933,0.5174356830053349
FR1,18,L,0.9060899260102447,0.5148931036184233
FR1,19,R,0.7831531018782015,0.842741770865225
FR1,20,L,0.8656801365964713,0.6996823935853408
FR1,21,S,0.755264655663062,1.0566227683689093
FR1,22,C,0.912919749573136,0.46419593927133707
FR1,23,A,0.8224245873648264,0.8561773294441596
FR1,24,A,0.8155947638019351,0.8691185170560998
FR1,25,S,0.7518497438816164,1.0719873935805084
FR2,1,M,0.9645889418098985,0.24308058288865927
FR2,2,G,0.979913025471112,0.1350565971500906
FR2,3,W,0.9604472975771381,0.2498001457237568
FR2,4,F,0.9778422033547318,0.1446076375850131
FR2,5,R,0.9728722302754194,0.16967628729282555
FR2,6,Q,0.9770138745081798,0.1539347950329478
FR2,7,A,0.9861254918202527,0.10033813921808311
FR2,8,P,0.979705943259474,0.13496395352078844
FR2,9,G,0.9867467384551667,0.09480216327789912
FR2,10,K,0.9908883826879271,0.06544171769214556
FR2,11,E,0.9823980120107683,0.12206884389440495
FR2,12,R,0.9867467384551667,0.09249410160910776
FR2,13,E,0.9865396562435287,0.08789782044045634
FR2,14,G,0.9859184096086147,0.09747271476885301
FR2,15,V,0.9915096293228411,0.06486881582446982
FR2,16,A,0.9815696831642162,0.129452946288749
FR2,17,A,0.4040173949057776,2.0166817308796836
FR3,1,Y,0.9568245125348189,0.25236410180715557
FR3,2,Y,0.9805013927576601,0.13124680104702513
FR3,3,A,0.9840827695980899,0.11400787598128517
FR3,4,D,0.9876641464385197,0.0837252202225569
FR3,5,S,0.9862713887783525,0.09479874682647008
FR3,6,V,0.9902506963788301,0.06413502208922166
FR3,7,K,0.9964186231595702,0.03102623874730906
FR3,8,G,0.990449661758854,0.06291762840389079
FR3,9,R,0.9848786311181854,0.10735276963942159
FR3,10,F,0.9914444886589734,0.054573736654035816
FR3,11,T,0.9912455232789494,0.05725481271755094
FR3,12,I,0.9894548348587345,0.07165755493976005
FR3,13,S,0.9884600079586152,0.07959840028929062
FR3,14,R,0.9922403501790689,0.05278875838407437
FR3,15,D,0.9932351770791882,0.046137179490270415
FR3,16,N,0.9890569040986869,0.07584333468436202
FR3,17,A,0.9868682849184242,0.08809290594609868
FR3,18,K,0.9974134500596896,0.020605066548157767
FR3,19,N,0.9920413847990449,0.058211847706905656
FR3,20,T,0.9946279347393554,0.040629680387958146
FR3,21,V,0.9974134500596896,0.02066111023617067
FR3,22,Y,0.9982093115797851,0.015448898724375616
FR3,23,L,0.9974134500596896,0.022591882326866895
FR3,24,Q,0.9978113808197374,0.019183518610334214
FR3,25,M,0.9964186231595702,0.02601468582768299
FR3,26,N,0.9982093115797851,0.014911022231499009
FR3,27,S,0.9958217270194986,0.03532866715776686
FR3,28,L,0.9966175885395941,0.02663611489822188
FR3,29,K,0.9974134500596896,0.021832016626554745
FR3,30,P,0.9942300039793076,0.04386949532114117
FR3,31,E,0.9958217270194986,0.033311121965321835
FR3,32,D,0.990449661758854,0.07299562145497021
FR3,33,T,0.9952248308794269,0.03997417042552765
FR3,34,A,0.9946279347393554,0.04275413155095016
FR3,35,V,0.9956227616394747,0.03538200160501688
FR3,36,Y,0.9948269001193792,0.04223111390668214
FR3,37,Y,0.9892558694787107,0.07932913484693324
FR3,38,C,0.9920413847990449,0.062075436944297006
FR4,1,W,1.0,-0.0
FR4,2,G,1.0,-0.0
FR4,3,Q,0.9894128970163619,0.07153262543893132
FR4,4,G,1.0,-0.0
FR4,5,T,1.0,-0.0
FR4,6,Q,1.0,-0.0
FR4,7,V,1.0,-0.0
FR4,8,T,1.0,-0.0
FR4,9,V,1.0,-0.0
FR4,10,S,1.0,-0.0
FR4,11,S,1.0,-0.0
